,LT_CAGR,WACC,2019_CAGR,Decay,Price,Equity,EV,Rate
1,0.0149,0.0819,0.4499,-1.29,6.67,302.8257289,521.9913461,0.075525262
2,0.0195,0.0751,0.423,-1.18,8.31,377.412956,596.5785732,0.081500028
3,0.0217,0.0684,0.4024,-0.99,11.21,508.9062367,728.0718538,0.098951542
4,0.0173,0.0668,0.4323,-1.26,8.99,407.861146,627.0267632,0.075351796
5,0.0175,0.0548,0.472,-1.34,12.43,564.3634679,783.5290851,0.074470891
6,0.0186,0.0733,0.4209,-1.53,6.55,297.3783435,516.5439606,0.052970918
7,0.0189,0.0632,0.4569,-1.41,9.61,436.3959253,655.5615425,0.06625243
8,0.0217,0.0692,0.4036,-1.47,7.64,346.6841512,565.8497684,0.054562034
9,0.0211,0.0802,0.4708,-1.46,7.1,322.2721277,541.4377448,0.064267871
10,0.0204,0.074,0.4707,-1.44,7.97,361.8278906,580.9935078,0.065809023
11,0.0217,0.0727,0.4965,-0.99,13.36,606.4408664,825.6064835,0.121821699
12,0.0158,0.0643,0.4288,-1.14,10.03,455.1859372,674.3515544,0.086885614
13,0.0193,0.0758,0.4244,-1.05,9.26,420.2488818,639.414499,0.096496349
14,0.0215,0.0708,0.448,-1.2,9.9,449.1794823,668.3450995,0.084115586
15,0.0202,0.0634,0.4583,-1.18,11.79,535.2902674,754.4558846,0.088214056
16,0.0187,0.0674,0.4527,-1.17,10.38,470.9981094,690.1637266,0.088254986
17,0.0188,0.0692,0.5032,-1.16,11.47,520.7658409,739.9314581,0.099210638
18,0.0182,0.0792,0.4583,-1.13,8.7,394.9443921,614.1100092,0.093974739
19,0.0217,0.077,0.3904,-1.46,6.28,285.2174809,504.383098,0.053433296
20,0.0173,0.0692,0.4075,-1.03,9.78,444.072199,663.2378162,0.095119734
21,0.0223,0.0761,0.3746,-1.16,7.67,348.1196753,567.2852925,0.074118753
22,0.024,0.0652,0.5049,-1.27,12.83,582.1850977,801.3507149,0.086737887
23,0.0186,0.0768,0.4752,-1.32,8.07,366.1483044,585.3139216,0.076825621
24,0.0226,0.0617,0.3888,-1.16,11.18,507.4581961,726.6238133,0.076897394
25,0.0162,0.067,0.5159,-1.27,10.59,480.6835901,699.8492072,0.088599436
26,0.0193,0.0684,0.3965,-1.27,8.23,373.4833319,592.648949,0.068334778
27,0.0177,0.0825,0.4682,-1.12,8.49,385.5707391,604.7363563,0.097208729
28,0.0184,0.085,0.4148,-1.34,5.89,267.3847201,486.5503373,0.065561869
29,0.0219,0.069,0.5447,-1.12,14.12,641.0892482,860.2548654,0.112868034
30,0.0208,0.0852,0.4146,-1.2,6.85,311.0838126,530.2494298,0.077918712
31,0.0241,0.0734,0.4804,-1.5,8.58,389.4149636,608.5805807,0.062514339
32,0.0184,0.0695,0.4498,-1.06,10.88,493.6385235,712.8041407,0.100897069
33,0.0191,0.0696,0.3929,-1.15,8.68,394.054372,613.2199892,0.078687487
34,0.0167,0.0779,0.476,-1.58,6.37,289.2467814,508.4123986,0.056393919
35,0.0171,0.0645,0.5181,-1.26,11.51,522.3869766,741.5525938,0.090081577
36,0.0203,0.0533,0.4694,-1.37,13.77,624.9176184,844.0832356,0.071410017
37,0.0231,0.0621,0.4673,-1.31,12.08,548.4960885,767.6617056,0.07649937
38,0.0195,0.0687,0.4982,-1.15,11.73,532.2093703,751.3749875,0.099489668
39,0.0216,0.0776,0.4363,-1.12,9.05,410.7849989,629.9506161,0.090662392
40,0.0171,0.0649,0.4268,-1.23,9.41,427.0000552,646.1656724,0.077232058
41,0.0216,0.0652,0.4013,-1.17,10.22,463.7388856,682.9045028,0.078347032
42,0.0236,0.0604,0.4744,-1.09,15.67,711.2052258,930.370843,0.10232796
43,0.0194,0.0739,0.4625,-1.1,10.15,460.8637518,680.029369,0.098522591
44,0.0194,0.07,0.4536,-1.18,9.92,450.4473569,669.6129741,0.08732081
45,0.0224,0.0605,0.3557,-1.42,8.95,406.3909752,625.5565923,0.051129302
46,0.0227,0.0881,0.3948,-1.17,6.54,297.0769164,516.2425336,0.077092228
47,0.0212,0.0778,0.504,-1.58,7.4,335.833922,554.9995391,0.059655368
48,0.0179,0.0662,0.4904,-1.15,11.7,530.906736,750.0723531,0.097952419
49,0.0168,0.0733,0.3511,-1.35,5.88,266.9764727,486.1420898,0.05493259
50,0.0236,0.0722,0.4073,-1,10.83,491.7709729,710.93659,0.09884848
51,0.0175,0.0782,0.4492,-1.18,8.14,369.2873807,588.4529978,0.08648439
52,0.0201,0.0674,0.4277,-1.32,8.94,405.643884,624.8095012,0.069246507
53,0.0211,0.0593,0.4226,-1.2,12.07,547.7713589,766.9369761,0.079403972
54,0.0233,0.0718,0.4002,-1.27,8.45,383.660464,602.8260811,0.068964722
55,0.0232,0.0678,0.4155,-1.24,9.81,445.4865044,664.6521216,0.074281463
56,0.0233,0.0696,0.4263,-1.17,10.26,465.7312177,684.8968349,0.0831693
57,0.0182,0.0703,0.4401,-1.2,9.13,414.6193912,633.7850084,0.082650824
58,0.0212,0.0617,0.4318,-1.18,11.81,536.1512229,755.3168401,0.083174905
59,0.0208,0.07,0.5035,-1.32,10.25,465.0812107,684.2468279,0.081331747
60,0.0209,0.0642,0.4598,-1.2,11.62,527.3263288,746.4919459,0.086302355
61,0.0215,0.0777,0.4352,-1.09,9.25,419.8081946,638.9738118,0.093967715
62,0.0199,0.0709,0.4219,-1.34,8.02,363.9767209,583.1423381,0.066669286
63,0.0212,0.0709,0.5238,-1.24,11.37,515.9887829,735.1544001,0.093350883
64,0.0184,0.0736,0.4274,-1.19,8.4,381.0760152,600.2416324,0.081308804
65,0.0212,0.0818,0.4113,-1.23,7.07,320.7163299,539.881947,0.074461035
66,0.0195,0.0714,0.5333,-1.16,11.99,544.4526702,763.6182874,0.105060916
67,0.0196,0.0628,0.4346,-1.01,12.99,589.4748195,808.6404367,0.104042154
68,0.0203,0.0692,0.4202,-1.16,9.6,435.6286086,654.7942257,0.08303452
69,0.0151,0.057,0.4586,-1.26,11.34,514.9201739,734.085791,0.079873978
70,0.0192,0.0672,0.4639,-1.1,11.56,524.7868427,743.9524599,0.098817228
71,0.0209,0.0813,0.4217,-1.11,8.11,368.1612443,587.3268615,0.088786945
72,0.0207,0.0721,0.4368,-1.44,7.71,349.9595493,569.1251664,0.061136229
73,0.0193,0.0674,0.4889,-1.04,13.08,593.8397595,813.0053767,0.112427481
74,0.0185,0.0764,0.4629,-1.27,8.19,371.8600025,591.0256197,0.079620261
75,0.0252,0.0795,0.388,-1.2,7.66,347.7630296,566.9286468,0.07297573
76,0.0195,0.0763,0.5297,-0.86,15.57,706.6058503,925.7714674,0.154242975
77,0.0199,0.0704,0.4339,-1.15,9.71,440.5984297,659.7640469,0.086799944
78,0.0148,0.0779,0.397,-1.15,6.91,313.5862729,532.7518901,0.079499489
79,0.0213,0.0528,0.4142,-1.15,14.99,680.3740681,899.5396853,0.082904094
80,0.0175,0.0623,0.4481,-1.23,10.61,481.4445778,700.6101949,0.081036261
81,0.0193,0.0794,0.4065,-1.29,6.7,303.939348,523.1049652,0.068329362
82,0.0195,0.0708,0.344,-1.27,6.8,308.8488644,528.0144816,0.059382219
83,0.0253,0.072,0.4607,-1.09,11.97,543.286075,762.4516922,0.099407856
84,0.0207,0.082,0.4512,-1.18,8.12,368.7491853,587.9148025,0.086864604
85,0.0189,0.0633,0.4928,-1.28,11.43,518.8660177,738.0316348,0.083647832
86,0.0182,0.075,0.4225,-1.32,7.25,329.0607703,548.2263875,0.068415568
87,0.018,0.0718,0.4009,-1.06,8.99,408.2369761,627.4025933,0.090040364
88,0.0191,0.0654,0.4638,-1.38,9.52,432.058045,651.2236622,0.069719714
89,0.0199,0.0758,0.429,-1.28,7.74,351.4868273,570.6524445,0.072956461
90,0.0192,0.0758,0.4827,-1.07,10.64,482.9243741,702.0899913,0.10680391
91,0.0224,0.0722,0.4593,-1.09,11.15,506.3154665,725.4810837,0.099109348
92,0.0199,0.0735,0.3633,-1.2,7.2,327.0149451,546.1805622,0.068379539
93,0.0208,0.077,0.4244,-1.32,7.39,335.3583035,554.5239206,0.068719209
94,0.0227,0.0715,0.4055,-1.04,10.31,468.1832729,687.3488901,0.093441555
95,0.0197,0.0714,0.4625,-1.16,10.12,459.1529332,678.3185504,0.091286724
96,0.0183,0.085,0.4143,-0.98,8.16,370.5334657,589.6990829,0.103186925
97,0.0212,0.0729,0.5225,-1.31,10.26,465.8021558,684.9677729,0.085395352
98,0.0156,0.0686,0.4331,-1.11,9.52,432.1040469,651.269664,0.091159445
99,0.0188,0.0796,0.4184,-1.17,7.54,342.2190742,561.3846914,0.081646129
100,0.0239,0.0761,0.4392,-1.07,10.3,467.3555793,686.5211965,0.09728598
101,0.0182,0.0723,0.4404,-1.44,7.34,333.1798818,552.345499,0.061632904
102,0.0214,0.0705,0.4189,-1.22,9.08,411.9790124,631.1446296,0.076771835
103,0.0228,0.0646,0.4941,-1.28,12.23,555.0785895,774.2442067,0.083865301
104,0.0216,0.0661,0.4549,-1.02,13.21,599.7035861,818.8692033,0.107443862
105,0.0199,0.0636,0.3714,-1.37,8.2,372.4032305,591.5688477,0.056676878
106,0.0211,0.0647,0.4256,-1.02,12.45,565.0275489,784.193166,0.100595168
107,0.024,0.0704,0.454,-1.6,8.16,370.4272739,589.5928911,0.052589572
108,0.0226,0.0638,0.5051,-1.27,12.81,581.6464216,800.8120388,0.086771743
109,0.02,0.0689,0.3709,-1.27,7.73,350.9182903,570.0839074,0.063972668
110,0.0192,0.0721,0.4186,-1.35,7.59,344.4625315,563.6281486,0.06535304
111,0.0181,0.0647,0.4524,-0.95,13.47,611.5452415,830.7108587,0.117092409
112,0.0199,0.0637,0.4284,-1.33,9.64,437.3742316,656.5398488,0.068514604
113,0.0177,0.0767,0.432,-1.24,7.6,344.8600024,564.0256196,0.077193788
114,0.0166,0.0655,0.4682,-1.14,11.02,500.2250395,719.3906567,0.094767943
115,0.0218,0.0627,0.4381,-1.13,12.4,562.8098141,781.9754312,0.089881441
116,0.0213,0.0767,0.4795,-1.16,9.87,448.1678637,667.3334808,0.094598365
117,0.02,0.0757,0.4779,-1.35,8.31,377.1558685,596.3214857,0.074474027
118,0.014,0.0717,0.4364,-1.26,7.71,349.976263,569.1418802,0.076057196
119,0.0217,0.0666,0.4377,-0.93,13.75,624.2116349,843.3772521,0.116349563
120,0.0162,0.0661,0.41,-1.25,8.47,384.6340717,603.7996888,0.072404793
121,0.0183,0.0677,0.4539,-1.09,11.04,501.1839206,720.3495377,0.097957779
122,0.0197,0.0764,0.4364,-1.17,8.52,386.9091336,606.0747508,0.085115757
123,0.0199,0.0817,0.4086,-1.23,6.86,311.2987812,530.4643984,0.073978106
124,0.0195,0.0703,0.5129,-0.94,14.85,673.8343231,892.9999403,0.134333207
125,0.0217,0.076,0.392,-1.37,6.82,309.4649249,528.6305421,0.059780891
126,0.0174,0.0713,0.4929,-1.44,8.31,376.9835881,596.1492053,0.068864015
127,0.016,0.073,0.3947,-1.19,7.4,335.9116547,555.0772719,0.075158203
128,0.0176,0.0684,0.4601,-1.27,9.3,422.0199422,641.1855593,0.079145188
129,0.0174,0.0589,0.3413,-1.39,7.95,360.7494118,579.915029,0.050888203
130,0.0179,0.072,0.4043,-1.54,6.33,287.5164889,506.6821061,0.050315592
131,0.0217,0.072,0.4425,-1.21,9.48,430.4148893,649.5805065,0.08206134
132,0.0213,0.0654,0.4112,-1.01,11.94,542.0470326,761.2126497,0.09849629
133,0.019,0.0607,0.5149,-1.16,14.21,645.0401418,864.205759,0.101485655
134,0.0191,0.08,0.4955,-1.36,7.84,355.6557855,574.8214027,0.076240991
135,0.0188,0.0759,0.4589,-1.24,8.44,383.041578,602.2071951,0.081936276
136,0.0232,0.0684,0.4652,-1.21,11.2,508.3864031,727.5520203,0.08621534
137,0.0183,0.0602,0.397,-1.16,10.58,480.1772964,699.3429136,0.078501033
138,0.02,0.0689,0.3723,-1.21,8.1,367.8350299,587.0006471,0.069183759
139,0.0216,0.0668,0.441,-1.4,9.17,416.2187009,635.384318,0.064755162
140,0.0184,0.0757,0.4517,-1.32,7.74,351.1375377,570.3031549,0.073078461
141,0.0202,0.0741,0.4792,-0.9,13.43,609.703408,828.8690252,0.132423357
142,0.0193,0.0675,0.3493,-1.4,6.83,309.8657949,529.0314121,0.051442927
143,0.0224,0.0693,0.4866,-1.26,10.88,493.7672599,712.9328771,0.084681512
144,0.0173,0.0701,0.4769,-1.03,11.68,529.9793616,749.1449787,0.111129575
145,0.0206,0.0668,0.4592,-1.32,9.87,448.1135111,667.2791283,0.074274893
146,0.0206,0.0757,0.4895,-1.07,11.14,505.4200306,724.5856478,0.1082901
147,0.0184,0.0722,0.4881,-1.15,10.46,474.7214073,693.8870245,0.097499019
148,0.0226,0.0783,0.4818,-1.3,8.75,397.0386231,616.2042403,0.079814132
149,0.0165,0.0728,0.3735,-1.21,6.95,315.5300544,534.6956716,0.069404295
150,0.0203,0.0693,0.4622,-1.31,9.42,427.7779406,646.9435577,0.075676112
151,0.0211,0.078,0.4559,-1.37,7.6,345.1382999,564.3039171,0.069385426
152,0.0214,0.067,0.4304,-1.02,12.06,547.5199849,766.685602,0.101717734
153,0.0165,0.0705,0.4579,-1.26,8.75,396.9881742,616.1537914,0.079753698
154,0.0181,0.0674,0.4156,-1.18,9.22,418.7093435,637.8749607,0.080091024
155,0.0226,0.0799,0.4158,-1.15,8.14,369.2734624,588.4390796,0.083220652
156,0.0214,0.0705,0.4335,-0.99,11.65,528.968571,748.1341882,0.106520027
157,0.0192,0.0531,0.4767,-1.42,13.14,596.5259409,815.6915581,0.068253737
158,0.0191,0.0627,0.4433,-1.13,11.75,533.1155726,752.2811897,0.090935543
159,0.0179,0.0725,0.4136,-1.45,6.77,307.1404882,526.3061054,0.057244256
160,0.016,0.0696,0.3846,-1.36,6.79,308.0781133,527.2437305,0.059382776
161,0.0203,0.0737,0.4546,-1.35,8.22,372.8935633,592.0591804,0.070893896
162,0.02,0.0712,0.4774,-1.01,12.34,560.2888473,779.4544645,0.114171538
163,0.0208,0.0635,0.3648,-1.25,8.95,406.0296502,625.1952674,0.064510262
164,0.0213,0.0687,0.4571,-1.32,9.57,434.5784896,653.7441067,0.073939942
165,0.018,0.055,0.3893,-1.2,11.45,519.9093223,739.0749394,0.073217466
166,0.0194,0.074,0.4812,-1.12,10.44,473.735815,692.9014322,0.099873684
167,0.0223,0.0896,0.3715,-1.3,5.32,241.5792955,460.7449127,0.061749195
168,0.0156,0.0709,0.3769,-1.25,6.94,314.8384884,534.0041056,0.066625561
169,0.0229,0.075,0.4128,-1.28,8.03,364.3417767,583.5073938,0.070235802
170,0.022,0.0671,0.433,-1.07,11.71,531.4505721,750.6161892,0.095927873
171,0.0199,0.0658,0.4474,-1.09,11.7,531.1460726,750.3116898,0.096571251
172,0.0187,0.0664,0.416,-1.07,10.53,477.8851083,697.0507255,0.092202043
173,0.0217,0.0604,0.4284,-1.1,13.14,596.1996653,815.3652825,0.091340129
174,0.0224,0.0719,0.4725,-1.52,8.28,375.8566781,595.0222952,0.060065938
175,0.0201,0.073,0.4775,-1.26,9.41,426.9163003,646.0819175,0.083119842
176,0.0167,0.0606,0.4548,-1.1,12.32,559.0528489,778.2184661,0.096901747
177,0.0208,0.071,0.4929,-1.3,9.96,452.0587646,671.2243818,0.081626018
178,0.0179,0.0729,0.4565,-1.53,7.07,320.7275742,539.8931914,0.057382775
179,0.018,0.0709,0.5134,-1.38,9.26,420.5105603,639.6761775,0.077057198
180,0.0164,0.0717,0.4629,-1.21,9.02,409.2990168,628.464634,0.08579467
181,0.0191,0.063,0.3973,-1.28,9.22,418.6704101,637.8360272,0.067630408
182,0.0207,0.0788,0.4229,-1.17,8.02,364.038022,583.2036392,0.082513833
183,0.0187,0.0718,0.4423,-1.27,8.51,386.2442004,605.4098176,0.076123409
184,0.02,0.087,0.4489,-0.85,10.62,481.8612162,701.0268333,0.132683778
185,0.0162,0.0869,0.3732,-1.34,4.87,221.2108196,440.3764367,0.059064161
186,0.0187,0.064,0.4254,-1.54,8.1,367.4813129,586.6469301,0.052903688
187,0.0183,0.0717,0.3767,-1.17,7.68,348.7316082,567.8972254,0.073595849
188,0.0182,0.0743,0.528,-1.2,10.55,478.8516605,698.0172777,0.098915787
189,0.0174,0.0752,0.4732,-1.22,8.78,398.6106587,617.7762758,0.086588122
190,0.019,0.0625,0.3916,-1.32,8.94,405.6205707,624.7861879,0.063472789
191,0.0226,0.0697,0.3885,-1.28,8.4,381.1448095,600.3104266,0.06615021
192,0.0202,0.0821,0.3776,-1.3,5.94,269.6738413,488.8394585,0.062751192
193,0.0211,0.0773,0.3947,-1.1,8.16,370.4397949,589.6054121,0.084230481
194,0.0201,0.0752,0.3992,-1.23,7.56,342.9922687,562.1578859,0.072296247
195,0.0189,0.0724,0.3988,-1.23,7.78,353.1370657,572.3026829,0.07222466
196,0.0168,0.0829,0.4048,-1.43,5.41,245.5435651,464.7091823,0.057400111
197,0.0175,0.0831,0.4005,-1.26,6.12,277.6804681,496.8460853,0.069875293
198,0.0197,0.0696,0.4327,-1.33,8.49,385.1347052,604.3003224,0.069193111
199,0.0186,0.0669,0.4458,-1.09,11.06,501.8984101,721.0640273,0.096229888
200,0.0182,0.0849,0.4514,-1.07,8.29,376.2905794,595.4561965,0.09995726
201,0.0212,0.077,0.4649,-1.18,9.27,420.7178003,639.8834175,0.089468046
202,0.0223,0.0504,0.4055,-1.29,14.97,679.3670468,898.5326639,0.068163352
203,0.0205,0.063,0.418,-1.17,10.94,496.5823029,715.7479201,0.08156899
204,0.0219,0.0774,0.4114,-0.75,12.86,583.631544,802.7971612,0.139278952
205,0.0204,0.0612,0.3728,-1.03,11.38,516.3276712,735.4932884,0.087096267
206,0.0163,0.0691,0.5119,-1.3,9.85,446.8704115,666.0360287,0.084724943
207,0.0201,0.0585,0.4121,-1.27,11.1,503.8677945,723.0334117,0.07098988
208,0.0206,0.0641,0.3868,-1.27,9.15,415.3044164,634.4700336,0.066682686
209,0.0199,0.0652,0.3937,-1.36,8.39,380.602118,599.7677352,0.060770179
210,0.022,0.0727,0.4798,-1.28,9.73,441.6813007,660.8469179,0.081472312
211,0.0226,0.068,0.3733,-1.34,8.08,366.6189896,585.7846068,0.0590798
212,0.0195,0.0566,0.428,-1.14,13.2,599.3573032,818.5229203,0.086725409
213,0.0218,0.0697,0.4697,-1.12,11.57,524.9671338,744.132751,0.097516306
214,0.0206,0.0656,0.4567,-1.23,10.81,490.8440186,710.0096358,0.082571023
215,0.0202,0.0767,0.4688,-1.49,7.26,329.4719203,548.6375375,0.061755436
216,0.0181,0.0647,0.4233,-1.24,9.51,431.667116,650.8327331,0.07565852
217,0.0203,0.0774,0.4416,-1.33,7.53,341.6997623,560.8653795,0.070596936
218,0.02,0.068,0.4046,-1.61,7,317.8047672,536.9703844,0.046405508
219,0.0214,0.0765,0.4731,-1.31,8.58,389.5464186,608.7120358,0.077435344
220,0.0198,0.0713,0.4045,-1,10.09,458.1779432,677.3435604,0.098175618
221,0.0217,0.0775,0.4489,-1.05,10.07,457.1629568,676.3285739,0.102004108
222,0.0221,0.071,0.47,-1.08,11.79,535.2773675,754.4429846,0.102698963
223,0.0193,0.078,0.3568,-1.24,6.2,281.326369,500.4919862,0.063899409
224,0.0207,0.0741,0.4173,-1.23,8.21,372.4535093,591.6191265,0.075533962
225,0.0215,0.076,0.424,-1.04,9.71,440.6649787,659.8305958,0.097659113
226,0.0193,0.0517,0.4369,-1.13,15.61,708.5756209,927.741238,0.08963815
227,0.0188,0.0544,0.3769,-1.15,12,544.802378,763.9679952,0.075517072
228,0.0197,0.0673,0.5119,-1.24,11.53,523.2250953,742.3907124,0.091260751
229,0.0206,0.0678,0.4745,-1.15,11.54,523.6580337,742.8236508,0.094817023
230,0.0205,0.0655,0.4007,-1.26,9.2,417.8115653,636.9771825,0.069909766
231,0.0215,0.0603,0.4923,-1.17,14.38,652.7615556,871.9271728,0.095871026
232,0.02,0.0742,0.4826,-1.18,9.97,452.5504753,671.7160924,0.092828989
233,0.019,0.0673,0.4878,-1.35,9.83,446.1401061,665.3057233,0.075993784
234,0.0201,0.0683,0.4758,-1.2,10.83,491.5980847,710.7637018,0.089265374
235,0.0211,0.0776,0.4402,-1.25,8.08,366.8996225,586.0652396,0.077668588
236,0.0194,0.0674,0.4276,-1.38,8.43,382.7788978,601.944515,0.064351379
237,0.0227,0.0751,0.4295,-1.31,8.14,369.3755585,588.5411756,0.070392055
238,0.017,0.0703,0.421,-1.18,8.62,391.2355007,610.4011179,0.081119268
239,0.0205,0.068,0.3609,-1.11,8.76,397.4929897,616.6586069,0.07611131
240,0.0193,0.0715,0.4196,-1.19,8.72,395.9174446,615.0830617,0.079842637
241,0.0197,0.0812,0.437,-1.64,5.61,254.7505419,473.9161591,0.04836027
242,0.0206,0.0753,0.409,-1.12,8.59,389.7055631,608.8711803,0.085052061
243,0.0229,0.0778,0.4921,-1.2,9.92,450.4180167,669.5836339,0.092281498
244,0.0245,0.071,0.3993,-1.23,9.1,412.8226339,631.988251,0.072314144
245,0.0187,0.0808,0.4128,-1.03,8.29,376.2310443,595.3966615,0.096344113
246,0.0185,0.0671,0.4418,-1.24,9.54,432.9534279,652.119045,0.078922318
247,0.0191,0.0634,0.459,-1.2,11.31,513.3599786,732.5255957,0.086154141
248,0.0202,0.0775,0.4304,-1.42,6.84,310.4328047,529.5984218,0.061715838
249,0.023,0.0697,0.4967,-1.4,10.04,455.7575538,674.9231709,0.072806063
250,0.0182,0.073,0.4411,-1.01,10.42,473.0633805,692.2289976,0.105581679
251,0.0185,0.0636,0.4629,-0.99,13.71,622.3034268,841.469044,0.113665719
252,0.0227,0.071,0.3331,-1.13,7.82,354.9419164,574.1075335,0.068538307
253,0.0221,0.0699,0.4418,-1.38,8.78,398.6125182,617.7781354,0.066458533
254,0.0198,0.0665,0.486,-1.42,9.64,437.7183821,656.8839993,0.069564828
255,0.0219,0.0643,0.4003,-1.32,9.41,427.1220735,646.2876907,0.064865331
256,0.0177,0.0705,0.4574,-1.43,7.89,358.0012748,577.166892,0.064748321
257,0.0197,0.0764,0.4379,-1.03,9.79,444.3905593,663.5561764,0.10213867
258,0.0234,0.0803,0.5184,-1.39,8.68,394.066234,613.2318512,0.076859151
259,0.0169,0.0647,0.4546,-1.19,10.42,473.1272674,692.2928845,0.086417003
260,0.0186,0.0723,0.5222,-1.39,9.24,419.3140001,638.4796172,0.077413498
261,0.0203,0.0632,0.428,-1.13,11.49,521.7494004,740.9150176,0.087833291
262,0.021,0.0798,0.3482,-1.46,5.23,237.3724552,456.5380724,0.047724947
263,0.0201,0.0568,0.5699,-1.09,19.59,889.3866491,1108.552266,0.122633918
264,0.0226,0.0765,0.5348,-1.15,11.76,533.6925575,752.8581746,0.106695368
265,0.0212,0.0546,0.4193,-1.42,11.87,538.9923484,758.1579656,0.060145769
266,0.0174,0.0792,0.4511,-1.08,8.84,401.2472918,620.412909,0.098616756
267,0.0205,0.0625,0.5334,-1.3,13.02,590.7545636,809.9201807,0.088227859
268,0.0172,0.0653,0.4572,-1.25,9.92,450.193452,669.3590692,0.080627902
269,0.021,0.0663,0.3527,-1.2,8.41,381.8207167,600.9863339,0.066405203
270,0.023,0.0681,0.3713,-1.49,7.42,336.9741184,556.1397355,0.049070597
271,0.0192,0.0843,0.4528,-1.15,7.88,357.7467867,576.9124039,0.090534013
272,0.0206,0.0801,0.4379,-1.24,7.67,348.2590722,567.4246894,0.078234541
273,0.0181,0.068,0.3815,-1.13,8.65,392.5907936,611.7564108,0.078390518
274,0.02,0.0595,0.4114,-1.21,11.24,510.2987867,729.4644039,0.076362225
275,0.0164,0.0682,0.4027,-1.25,7.99,362.7523661,581.9179833,0.071131123
276,0.0178,0.0742,0.4352,-1.11,9.01,408.8776186,628.0432357,0.091596343
277,0.0191,0.062,0.4862,-1.01,14.99,680.5924745,899.7580917,0.116251965
278,0.0218,0.0703,0.4084,-1.36,8.09,367.2411207,586.4067379,0.063009795
279,0.0205,0.0676,0.491,-1.17,11.82,536.3814049,755.5470221,0.095621238
280,0.021,0.0709,0.4704,-1.23,10.07,456.9862454,676.1518625,0.085014516
281,0.0212,0.0737,0.4236,-1.05,9.97,452.4945452,671.6601624,0.096316401
282,0.0193,0.0774,0.4178,-0.95,9.8,444.9820761,664.1476933,0.108221647
283,0.0185,0.0655,0.402,-1.37,8.16,370.2619144,589.4275316,0.061286322
284,0.0232,0.0726,0.4752,-1.21,10.49,476.1870712,695.3526884,0.088043764
285,0.0205,0.0852,0.4506,-1.12,8.13,368.8083406,587.9739578,0.093598187
286,0.0189,0.0648,0.468,-1.16,11.55,524.2127783,743.3783955,0.092358438
287,0.0176,0.0643,0.3926,-1.68,6.78,307.927967,527.0935842,0.041562168
288,0.0192,0.0703,0.398,-1,9.97,452.7539755,671.9195927,0.096613302
289,0.0236,0.0752,0.4302,-1.18,9.2,417.3705368,636.5361539,0.082870438
290,0.02,0.0717,0.4983,-1.23,10.38,471.1631602,690.3287774,0.089985346
291,0.0214,0.0657,0.4657,-1.34,10.32,468.4011463,687.5667634,0.073491061
292,0.0238,0.0735,0.4069,-1.18,8.99,408.0784119,627.244029,0.078433805
293,0.022,0.0828,0.4701,-1.35,7.46,338.7411929,557.9068101,0.07327605
294,0.0203,0.0592,0.537,-1.23,15.01,681.5117829,900.6774,0.096868743
295,0.0193,0.0555,0.4081,-1.09,13.43,609.4363273,828.6019445,0.088179108
296,0.0195,0.0745,0.4332,-1.39,7.34,333.2143003,552.3799175,0.064398663
297,0.0212,0.0783,0.3951,-1.48,6.06,274.8887274,494.0543446,0.052796747
298,0.0185,0.0626,0.3947,-1.09,10.57,479.6940798,698.859697,0.085314086
299,0.0227,0.0717,0.4873,-1.16,11.39,516.9804728,736.14609,0.096116909
300,0.0191,0.0643,0.4012,-1.18,9.73,441.8149704,660.9805875,0.077347636
301,0.022,0.0705,0.4787,-1.38,9.41,427.0555167,646.2211338,0.071926085
302,0.0197,0.0725,0.3435,-1.27,6.58,298.6149537,517.7805709,0.059296828
303,0.0201,0.0677,0.4001,-1.34,8.18,371.4153051,590.5809223,0.063267603
304,0.0217,0.0652,0.412,-1.05,11.69,530.4836966,749.6493138,0.093706427
305,0.019,0.0767,0.3923,-1.17,7.4,335.8866703,555.0522874,0.076609499
306,0.0207,0.0746,0.4386,-1.31,8.06,366.0240494,585.1896666,0.071863507
307,0.0223,0.0591,0.4812,-1.29,13.4,608.4426165,827.6082337,0.080704316
308,0.02,0.0717,0.4256,-1.09,9.79,444.2784599,663.4440771,0.091917985
309,0.0211,0.0692,0.4708,-0.88,15,680.8416718,900.0072889,0.133632456
310,0.0214,0.0679,0.3915,-1.21,9.02,409.3514638,628.5170809,0.072710614
311,0.0191,0.0691,0.3993,-1.02,10.04,455.6462236,674.8118407,0.094440232
312,0.0186,0.0745,0.4652,-1.3,8.34,378.4611424,597.6267596,0.077102437
313,0.0233,0.0659,0.3855,-1.32,9.04,410.5201729,629.68579,0.062495993
314,0.0182,0.0629,0.3714,-1.21,8.89,403.4190784,622.5846956,0.069018348
315,0.0182,0.0854,0.4988,-0.96,10.68,484.9185713,704.0841885,0.127284897
316,0.0207,0.0631,0.4433,-0.98,13.99,634.9714936,854.1371108,0.110334633
317,0.021,0.0747,0.458,-1.17,9.55,433.4462102,652.6118274,0.089275166
318,0.0227,0.0782,0.405,-1.21,7.76,352.3104967,571.4761139,0.075188259
319,0.0208,0.072,0.3353,-1.42,6.08,275.8336313,494.9992485,0.048229727
320,0.021,0.0818,0.4792,-1.19,8.74,396.7021305,615.8677477,0.091030866
321,0.0172,0.0785,0.4022,-1.21,6.89,312.6459747,531.8115919,0.074674524
322,0.021,0.0665,0.4112,-1.16,10.11,458.6887657,677.8543829,0.081276475
323,0.0195,0.0771,0.4124,-1.16,7.92,359.4713184,578.6369356,0.081510927
324,0.0224,0.0747,0.4128,-1.21,8.44,382.9482301,602.1138473,0.076618977
325,0.0178,0.0749,0.4164,-1.37,6.84,310.5753721,529.7409893,0.063452582
326,0.0188,0.08,0.3994,-1.17,7.09,321.9236843,541.0893015,0.077980287
327,0.0245,0.0732,0.44,-1.48,8.06,365.7229569,584.8885741,0.05870915
328,0.0176,0.0829,0.4737,-1.14,8.39,380.7088118,599.874429,0.095867074
329,0.0187,0.077,0.4713,-1.16,9.16,415.9467461,635.1123633,0.093001328
330,0.0178,0.0674,0.3978,-1.53,6.91,313.7946605,532.9602776,0.05010289
331,0.0207,0.062,0.3525,-1.35,8.44,382.9773807,602.1429979,0.055149143
332,0.0214,0.0686,0.4833,-1.23,10.99,498.741035,717.9066522,0.08731374
333,0.0202,0.08,0.4693,-1.27,8.07,366.2060542,585.3716714,0.080705874
334,0.0158,0.0741,0.4492,-1.13,8.86,402.3202301,621.4858472,0.092131222
335,0.0164,0.0651,0.3387,-1.07,8.21,372.6572455,591.8228627,0.0752227
336,0.0191,0.0713,0.429,-1.22,8.72,395.8052782,614.9708954,0.078599811
337,0.0185,0.0707,0.3848,-1.31,7.25,329.2060738,548.371691,0.063153157
338,0.0171,0.085,0.408,-1,7.68,348.6825963,567.8482134,0.099016682
339,0.0237,0.0761,0.4036,-1.33,7.52,341.3922726,560.5578897,0.064598108
340,0.0202,0.066,0.4449,-1.27,10,453.7945401,672.9601572,0.076564973
341,0.0165,0.0678,0.5247,-1.19,11.51,522.5285043,741.6941215,0.099549832
342,0.0185,0.0785,0.4551,-1.17,8.45,383.4968896,602.6625068,0.088716987
343,0.0204,0.0784,0.4235,-1.71,5.61,254.6707654,473.8363826,0.043279266
344,0.0163,0.0723,0.3962,-1.3,6.96,315.7918359,534.9574531,0.065804296
345,0.0209,0.0668,0.4393,-1.45,8.7,394.7876816,613.9532988,0.060750178
346,0.016,0.0694,0.5135,-1.28,9.93,450.9176908,670.083308,0.087108846
347,0.0222,0.06,0.4589,-1.07,14.94,678.3317284,897.4973456,0.101598708
348,0.0199,0.0658,0.4202,-1.25,9.53,432.6360994,651.8017166,0.074183592
349,0.0198,0.0755,0.3837,-1.24,7.1,322.2200898,541.385707,0.068661275
350,0.0221,0.0666,0.356,-1.21,8.6,390.4922329,609.65785,0.066186722
351,0.0186,0.0528,0.4657,-1.33,13.51,613.3957813,832.5613985,0.074394781
352,0.0193,0.0758,0.4871,-1.32,8.56,388.6541029,607.8197201,0.07872127
353,0.0225,0.0702,0.375,-1.47,7.11,322.5821664,541.7477836,0.050744102
354,0.0213,0.0727,0.3624,-1.2,7.53,341.9795478,561.145165,0.068211951
355,0.021,0.065,0.4656,-1.47,9.51,431.8264395,650.9920567,0.062815617
356,0.0204,0.0829,0.398,-1.1,7.37,334.4193375,553.5849547,0.084927189
357,0.0192,0.0613,0.4896,-1.03,15.08,684.5157531,903.6813702,0.114054143
358,0.0165,0.0719,0.4472,-1.18,8.88,402.8465626,622.0121798,0.086104137
359,0.0207,0.0767,0.4521,-1.23,8.55,388.0472089,607.2128261,0.08175019
360,0.0212,0.0661,0.508,-1.35,11.09,503.3833353,722.5489524,0.079092115
361,0.0217,0.0645,0.4103,-1.28,9.81,445.2846629,664.4502801,0.069815729
362,0.0206,0.0806,0.3825,-1.24,6.53,296.3459595,515.5115767,0.068449001
363,0.0214,0.0675,0.4559,-1.15,11.29,512.2324204,731.3980376,0.091146148
364,0.0162,0.067,0.4697,-1.39,8.67,393.6743388,612.839956,0.069744238
365,0.0236,0.0781,0.4683,-1.26,8.95,406.3961497,625.5617669,0.08154025
366,0.022,0.0929,0.3674,-1.27,5.07,229.9311206,449.0967378,0.063375797
367,0.0186,0.0695,0.488,-1.18,10.74,487.5850257,706.7506429,0.093853778
368,0.0244,0.0636,0.4317,-1.1,13.11,595.0766429,814.2422601,0.09203571
369,0.0213,0.0831,0.3983,-1.08,7.61,345.4353114,564.6009285,0.087193602
370,0.0182,0.0726,0.5355,-1.17,11.39,517.172057,736.3376741,0.104162781
371,0.0193,0.0667,0.463,-1.21,10.58,480.0718904,699.2375076,0.085812961
372,0.0201,0.0645,0.3594,-1.22,8.62,391.4535479,610.6191651,0.065982944
373,0.0187,0.0699,0.3717,-1.24,7.52,341.2319219,560.3975391,0.066537901
374,0.0175,0.0756,0.3718,-1.53,5.41,245.507706,464.6733231,0.046869757
375,0.0178,0.063,0.5231,-1.35,11.34,514.7771481,733.9427652,0.081405947
376,0.0173,0.0642,0.4215,-0.98,11.86,538.5386184,757.7042356,0.104962335
377,0.0183,0.0766,0.4446,-1.08,9.21,418.0679558,637.233573,0.097212009
378,0.0188,0.0613,0.4815,-1.49,10.05,456.1482959,675.3139131,0.063402145
379,0.0205,0.0718,0.4714,-1.54,7.84,355.9412259,575.1068431,0.058534122
380,0.0223,0.0599,0.4097,-1.1,12.9,585.4407979,804.6064151,0.087396436
381,0.0212,0.075,0.434,-1.22,8.58,389.4292654,608.5948825,0.07950439
382,0.0181,0.0555,0.4251,-1.42,10.64,482.831966,701.9975831,0.060966295
383,0.0218,0.0615,0.4582,-1.43,10.7,485.7931502,704.9587674,0.064859903
384,0.0214,0.064,0.3755,-1.2,9.56,433.9655244,653.1311416,0.070650485
385,0.0197,0.0498,0.4658,-1.25,16.33,741.3044817,960.4700989,0.082123951
386,0.0214,0.0713,0.3739,-1.02,9.35,424.4442113,643.6098284,0.088489058
387,0.0201,0.0717,0.3794,-1,9.35,424.2307552,643.3963723,0.092140215
388,0.0236,0.0802,0.3713,-0.86,9.62,436.813007,655.9786241,0.108460305
389,0.0198,0.0688,0.3997,-1.23,8.57,389.0517309,608.2173481,0.072385729
390,0.0194,0.0794,0.4678,-1.19,8.59,389.6961419,608.8617591,0.088893442
391,0.0205,0.0814,0.4891,-1.32,7.98,362.2164487,581.3820659,0.079039745
392,0.0185,0.0838,0.4182,-1.02,8.09,367.1429653,586.3085825,0.098864083
393,0.0176,0.0703,0.4249,-1.48,7.09,321.9318896,541.0975067,0.056722618
394,0.0216,0.082,0.4654,-0.96,10.78,489.1718947,708.3375119,0.118850211
395,0.0224,0.0724,0.4548,-1.24,9.6,435.942758,655.1083752,0.081213879
396,0.0196,0.0772,0.4564,-1.15,9.01,409.0084191,628.1740363,0.091244871
397,0.0264,0.0661,0.4098,-1.17,11.57,524.9426142,744.1082314,0.079987295
398,0.0196,0.0616,0.5191,-1.09,15.28,693.502033,912.6676502,0.111843047
399,0.0213,0.0693,0.4728,-1.15,11.3,513.1270588,732.292676,0.09448165
400,0.0201,0.0684,0.419,-1.25,9.01,408.9946588,628.160276,0.073974373
401,0.0181,0.0725,0.4834,-1.25,9.34,423.7252212,642.8908383,0.085183527
402,0.0215,0.081,0.4423,-1.31,7.34,333.2362116,552.4018288,0.072461576
403,0.0206,0.0695,0.4178,-1.22,9.08,412.2302787,631.3958959,0.076572689
404,0.0192,0.0786,0.5163,-1.2,9.71,440.6570326,659.8226498,0.096754923
405,0.0211,0.0721,0.4575,-1.27,9.23,419.1451999,638.3108171,0.078703985
406,0.0204,0.0723,0.4484,-1.33,8.46,384.1656001,603.3312172,0.071669047
407,0.0212,0.0806,0.5108,-1.32,8.62,391.4520232,610.6176404,0.082492983
408,0.0227,0.0772,0.4314,-1.1,9.36,424.9973196,644.1629368,0.09197248
409,0.0176,0.0597,0.4069,-1.31,9.66,438.2468416,657.4124587,0.066734419
410,0.0183,0.0792,0.4591,-1.44,6.76,306.943879,526.1094962,0.064211132
411,0.0186,0.0657,0.4393,-1.32,9.22,418.3057899,637.4714071,0.071099263
412,0.0218,0.0638,0.4062,-0.94,13.27,602.5185715,821.6841887,0.106637829
413,0.0193,0.0637,0.4579,-1.08,12.54,569.3497317,788.5153489,0.100085891
414,0.0215,0.0741,0.448,-1.11,10.05,455.9486704,675.1142876,0.094258397
415,0.0198,0.0755,0.4655,-1.4,7.77,352.8920996,572.0577168,0.068299598
416,0.0208,0.0671,0.3994,-1.25,8.97,407.1291973,626.2948145,0.070555188
417,0.0212,0.0732,0.5046,-1.43,8.94,405.7864863,624.9521035,0.071322719
418,0.0188,0.0684,0.4631,-1.19,10.28,466.3895122,685.5551293,0.088011869
419,0.0182,0.0652,0.4417,-1.47,8.4,381.1724011,600.3380182,0.059637683
420,0.0171,0.0658,0.4731,-1.01,12.78,579.9084059,799.074023,0.11315469
421,0.02,0.0684,0.4466,-1.1,10.97,497.8735834,717.0392006,0.095175013
422,0.02,0.0634,0.508,-1.14,13.72,622.6166473,841.7822645,0.102715184
423,0.0191,0.0708,0.4201,-1.3,8.09,367.2733241,586.4389412,0.069722637
424,0.0223,0.0654,0.4572,-1.45,9.68,439.4827591,658.6483763,0.063188837
425,0.0228,0.0718,0.421,-1.22,9.16,415.6882057,634.8538229,0.077151989
426,0.0197,0.0758,0.4243,-1.37,7.13,323.625679,542.7912962,0.064640239
427,0.0178,0.0629,0.4193,-1.24,9.74,442.0737977,661.2394149,0.074952409
428,0.0191,0.0635,0.363,-1.02,10.2,463.0136469,682.179264,0.085933103
429,0.0202,0.071,0.4454,-1.46,7.86,356.7025556,575.8681728,0.060850714
430,0.0213,0.0699,0.469,-1.06,12.06,547.6271011,766.7927183,0.105153266
431,0.0184,0.0656,0.4189,-1.54,7.63,346.2372856,565.4029027,0.052106775
432,0.0236,0.0655,0.4227,-1.22,10.83,491.6061982,710.7718153,0.077459703
433,0.0212,0.0841,0.3319,-1.1,5.94,269.603992,488.7696092,0.070950257
434,0.0222,0.0717,0.5142,-1.27,10.89,494.1959411,713.3615582,0.088311811
435,0.0164,0.0826,0.4428,-1.24,6.93,314.3549445,533.5205617,0.079098647
436,0.0201,0.0796,0.4432,-1.26,7.65,347.1566426,566.3222598,0.077226784
437,0.0185,0.084,0.4716,-0.99,9.77,443.4582184,662.6238356,0.115778602
438,0.0226,0.0816,0.4407,-1.21,8.02,363.8074412,582.9730584,0.08173174
439,0.019,0.0667,0.4825,-1.2,11.11,504.3387107,723.5043278,0.090505429
440,0.024,0.0677,0.4761,-1.18,12.22,554.4794772,773.6450944,0.091595087
441,0.0181,0.0674,0.3536,-1.25,7.4,335.7218254,554.8874425,0.062551019
442,0.0165,0.0747,0.3879,-1.03,8.19,371.9473099,591.112927,0.090589304
443,0.0201,0.0727,0.4758,-1.36,8.71,395.1799673,614.3455844,0.073254128
444,0.0178,0.0807,0.4377,-1.15,7.82,354.7850759,573.950693,0.087550989
445,0.0217,0.0807,0.4881,-1.13,9.77,443.3878224,662.5534396,0.100006163
446,0.0208,0.0815,0.3997,-1.23,6.83,309.812139,528.9777562,0.072385729
447,0.0208,0.0797,0.457,-1.16,8.75,397.2894101,616.4550272,0.09021472
448,0.0183,0.0677,0.4912,-1.29,10.14,460.2321878,679.397805,0.082357126
449,0.0198,0.0722,0.4108,-1.19,8.49,385.3634984,604.5291156,0.07818779
450,0.0158,0.0739,0.4527,-1.18,8.57,389.1013379,608.2669551,0.087149739
451,0.0203,0.0751,0.4157,-0.97,10.12,459.1687803,678.3343974,0.104895109
452,0.0197,0.0702,0.5021,-1.04,12.92,586.4129675,805.5785846,0.115426153
453,0.0191,0.0704,0.3764,-1.42,6.74,305.9612719,525.1268891,0.054067761
454,0.0221,0.0785,0.4856,-1.42,7.94,360.5922993,579.7579164,0.069508451
455,0.0192,0.063,0.4022,-1.31,9.17,416.1274887,635.2931059,0.065973172
456,0.0197,0.0638,0.3977,-1.12,10.4,471.9723761,691.1379933,0.082727644
457,0.0219,0.0782,0.3751,-1.14,7.43,337.4058828,556.5715,0.076117669
458,0.0193,0.0604,0.4338,-1.07,12.85,583.2548041,802.4204213,0.096103134
459,0.0191,0.0583,0.4703,-1.25,12.62,572.8041113,791.9697284,0.082906497
460,0.02,0.0807,0.4478,-1.15,8.35,379.1418091,598.3074263,0.089546502
461,0.019,0.0773,0.4866,-1.25,8.78,398.6231696,617.7887867,0.085739511
462,0.0186,0.0789,0.3815,-1.42,5.69,258.10722,477.2728372,0.054791153
463,0.0215,0.0755,0.4634,-1.2,9.38,425.6831951,644.8488122,0.086969244
464,0.0196,0.0622,0.4728,-1.17,12.49,566.8680581,786.0336753,0.092122555
465,0.0203,0.0661,0.5288,-1.22,12.67,575.3067847,794.4724019,0.096611184
466,0.02,0.0609,0.4997,-1.31,12.33,559.4410644,778.6066815,0.081724133
467,0.0194,0.0613,0.4119,-0.88,14.41,653.8521291,873.0177463,0.117056089
468,0.0198,0.0748,0.4602,-1.26,8.66,393.1211303,612.2867475,0.080148886
469,0.0189,0.0688,0.4561,-1.08,11.11,504.249529,723.4151462,0.099697047
470,0.0198,0.0734,0.415,-1.18,8.46,383.8141162,602.9797334,0.079976756
471,0.0206,0.0661,0.3707,-1.38,7.79,353.7135714,572.8791886,0.055890193
472,0.019,0.0715,0.4543,-1.11,10.21,463.3990725,682.5646897,0.095568034
473,0.0172,0.0703,0.4649,-1.19,9.62,436.6254054,655.7910225,0.088349517
474,0.021,0.0669,0.4188,-1.09,10.86,492.834157,711.9997742,0.090465533
475,0.0231,0.0744,0.4768,-1.22,10.05,456.2032059,675.3688231,0.087237951
476,0.0218,0.0746,0.4112,-0.95,10.6,481.068251,700.2338682,0.106528138
477,0.0208,0.0658,0.4568,-1.24,10.73,487.099097,706.2647141,0.081566287
478,0.0204,0.0706,0.3973,-1.45,7.15,324.7073265,543.8729436,0.055017807
479,0.0157,0.0756,0.4418,-1.13,8.45,383.5384283,602.7040454,0.090631502
480,0.0209,0.0732,0.4283,-1.19,8.92,404.9863525,624.1519697,0.081477939
481,0.022,0.0617,0.4558,-1.23,12.28,557.2230053,776.3886225,0.082410441
482,0.021,0.0658,0.4364,-1.27,10.03,455.2539771,674.4195943,0.075121166
483,0.0204,0.0733,0.4607,-1.28,8.89,403.3108325,622.4764497,0.078273231
484,0.0215,0.0612,0.4737,-1.29,12.2,553.7210014,772.8866186,0.079464127
485,0.0202,0.0801,0.4455,-0.97,10.12,459.3182804,678.4838976,0.112337007
486,0.018,0.0658,0.4857,-1.13,11.91,540.4373759,759.6029931,0.099520725
487,0.0198,0.075,0.4786,-1.12,10.26,465.680959,684.8465762,0.099340823
488,0.018,0.0766,0.3991,-1.08,8.04,364.7550355,583.9206526,0.087366891
489,0.0186,0.0768,0.4113,-1.08,8.39,380.9924233,600.1580405,0.090008743
490,0.0212,0.0746,0.4251,-1.3,7.94,360.1937103,579.3593274,0.070541707
491,0.0204,0.0707,0.4381,-1.17,9.69,439.7415538,658.907171,0.085443281
492,0.0207,0.071,0.3967,-1.14,8.9,403.9175911,623.0832082,0.080452407
493,0.0202,0.0655,0.4201,-1.2,10.05,456.0460489,675.2116661,0.078939895
494,0.0189,0.0569,0.4473,-0.99,15.57,706.7156332,925.8812503,0.109875213
495,0.0184,0.059,0.4517,-0.91,16.1,730.9812074,950.1468246,0.123250605
496,0.0202,0.0704,0.4622,-0.96,12.76,579.2071633,798.3727805,0.118041519
497,0.017,0.0574,0.3349,-1.17,9.22,418.6939969,637.859614,0.065508571
498,0.0225,0.0648,0.3909,-1.22,9.89,448.9320005,668.0976177,0.071699033
499,0.0212,0.0726,0.3749,-1.1,8.46,384.1420821,603.3076992,0.080047875
500,0.0227,0.0701,0.4087,-1.4,8.09,367.3892374,586.5548546,0.060074485
501,0.0209,0.0711,0.4349,-1.26,8.95,406.0514539,625.2170711,0.075799141
502,0.0213,0.0764,0.4411,-1.38,7.54,342.0679412,561.2335583,0.0663547
503,0.0203,0.0667,0.3913,-1.39,7.97,361.8828662,581.0484834,0.058248097
504,0.021,0.0729,0.4381,-1.31,8.38,380.4981549,599.663772,0.071782678
505,0.0187,0.0679,0.4236,-1.26,8.86,402.1672751,621.3328923,0.073854453
506,0.0212,0.0611,0.3796,-1.22,10.21,463.361231,682.5268482,0.069649629
507,0.0185,0.0519,0.3626,-1.22,11.78,534.5857508,753.751368,0.066564076
508,0.0221,0.0804,0.469,-1.21,8.73,396.2814661,615.4470832,0.08691025
509,0.0247,0.0627,0.4222,-1.2,12.17,552.2018789,771.3674961,0.079329724
510,0.0217,0.0745,0.4797,-1.12,10.77,488.8913767,708.0569938,0.099566272
511,0.021,0.0797,0.4331,-1.27,7.5,340.484145,559.6497622,0.074560449
512,0.0169,0.0655,0.4581,-1.18,10.43,473.418438,692.5840552,0.088176049
513,0.0192,0.0751,0.4515,-1.54,6.83,310.1128623,529.2784795,0.056100325
514,0.0216,0.0712,0.4935,-1.44,9.1,413.1004713,632.2660885,0.068946527
515,0.0213,0.0739,0.4854,-1.27,9.57,434.4770091,653.6426263,0.083435238
516,0.0169,0.0743,0.4822,-1.14,9.74,442.2078696,661.3734868,0.097565164
517,0.0195,0.0796,0.3775,-1.1,7.21,327.2634626,546.4290798,0.080597338
518,0.0202,0.0705,0.478,-1.07,11.81,535.9625317,755.1281488,0.10577643
519,0.0211,0.0622,0.4639,-1.05,14.19,644.0464697,863.2120869,0.10537324
520,0.0213,0.0615,0.4201,-1.14,11.95,542.3179537,761.4835709,0.085143049
521,0.0224,0.0612,0.4261,-1.18,12.19,553.0824836,772.2481008,0.082090127
522,0.0213,0.0782,0.365,-1.16,7.01,318.2093309,537.3749481,0.072239071
523,0.0161,0.0713,0.491,-1.32,8.82,400.3744795,619.5400967,0.079342265
524,0.0203,0.0742,0.4422,-1.28,8.32,377.8136808,596.979298,0.0751715
525,0.0226,0.0756,0.4647,-1.25,9.2,417.4912794,636.6568966,0.081932634
526,0.0201,0.075,0.4777,-1.03,11.3,512.685448,731.8510652,0.111313846
527,0.0202,0.0742,0.345,-1.11,7.27,329.9146954,549.0803126,0.072790126
528,0.0218,0.059,0.4662,-1.17,14.11,640.6318,859.7974172,0.09085303
529,0.0197,0.0772,0.3916,-1.21,7.18,325.8262619,544.9918791,0.072728973
530,0.0218,0.0608,0.3935,-1.12,11.7,531.276757,750.4423742,0.08186337
531,0.0191,0.0732,0.4256,-1.04,9.8,444.9330238,664.098641,0.098023709
532,0.0192,0.0645,0.4624,-1.02,13.21,599.7837122,818.9493294,0.109195554
533,0.0222,0.078,0.4338,-1.02,9.96,452.0295151,671.1951323,0.102512743
534,0.0189,0.0821,0.4848,-1.26,7.99,362.5799179,581.7455351,0.084372669
535,0.02,0.069,0.4714,-1.06,12.03,545.9714087,765.1370258,0.105685036
536,0.02,0.0707,0.5104,-1.14,11.85,537.8638893,757.0295065,0.103193939
537,0.018,0.0682,0.4159,-1.25,8.57,388.7967816,607.9623987,0.073433826
538,0.0181,0.0657,0.4348,-1.2,9.89,448.8228193,667.9884365,0.081667802
539,0.0195,0.0669,0.453,-1.25,9.99,453.4244916,672.5901087,0.079897026
540,0.023,0.0687,0.4332,-1.34,9.28,421.4458636,640.6114807,0.068430866
541,0.021,0.0706,0.4074,-1.11,9.55,433.3707472,652.5363643,0.085809069
542,0.02,0.0699,0.454,-1.04,11.51,522.4820631,741.6476802,0.104490993
543,0.0199,0.0727,0.496,-1.19,10.48,475.6757867,694.8414039,0.094178547
544,0.0184,0.0708,0.436,-1.29,8.36,379.4318692,598.5974864,0.073222465
545,0.0214,0.0625,0.5102,-1.15,14.43,654.8136815,873.9792986,0.101853556
546,0.0234,0.0667,0.3976,-1.29,9.34,424.1161596,643.2817767,0.066851551
547,0.0199,0.0714,0.3952,-1.56,6.5,294.8336988,513.9993159,0.048058891
548,0.0194,0.0809,0.3862,-1.36,5.87,266.3865105,485.5521277,0.059626769
549,0.0224,0.0619,0.3757,-1.39,9.17,416.3908213,635.5564385,0.055954211
550,0.0158,0.07,0.4504,-1.42,7.58,344.2136424,563.3792596,0.064542174
551,0.0213,0.0831,0.4186,-0.93,9.47,429.8885624,649.0541796,0.111319467
552,0.0219,0.0805,0.467,-1.53,6.79,308.0848832,527.2505004,0.058682166
553,0.0226,0.0835,0.3794,-1.2,6.59,298.9166163,518.0822335,0.071376128
554,0.0189,0.0655,0.456,-1.25,10.23,464.4758234,683.6414405,0.080419097
555,0.0162,0.0839,0.5415,-1.17,9.35,424.5487754,643.7143925,0.105313069
556,0.0191,0.0708,0.5077,-1.18,11.1,503.9514135,723.1170307,0.097590063
557,0.0178,0.077,0.4576,-1.13,8.95,406.0744489,625.2400661,0.093832959
558,0.0206,0.0695,0.5005,-1.04,13.28,602.9626812,822.1282984,0.115062767
559,0.0231,0.0659,0.3904,-1.12,10.55,479.0498917,698.2155089,0.081225338
560,0.0233,0.0699,0.446,-1.23,10.19,462.7162914,681.8819086,0.080661389
561,0.0196,0.0753,0.4435,-0.95,11.04,501.2792108,720.4448279,0.114811788
562,0.0177,0.0658,0.3823,-1.37,7.57,343.5532008,562.7188179,0.058319769
563,0.0209,0.064,0.4047,-1.21,10.1,458.608978,677.7745952,0.07513322
564,0.0203,0.0679,0.4531,-1.37,9.1,413.0601934,632.2258105,0.068965316
565,0.0195,0.0601,0.3774,-1.09,10.99,498.9760685,718.1416857,0.081612474
566,0.0175,0.0796,0.4656,-1.2,8.15,370.1133805,589.2789976,0.087376727
567,0.0208,0.0687,0.4055,-1.24,8.86,401.9354439,621.1010611,0.072515157
568,0.017,0.0741,0.4994,-1.5,7.61,345.4707522,564.6363694,0.064946599
569,0.0202,0.0804,0.5085,-1.32,8.45,383.7634785,602.9290957,0.082127163
570,0.0201,0.0642,0.4738,-1.14,12.43,564.2777867,783.4434039,0.095887055
571,0.0228,0.0729,0.4921,-1.22,10.68,484.5966423,703.7622595,0.089998394
572,0.0201,0.0598,0.5281,-1.35,13.08,593.6091434,812.7747606,0.082171697
573,0.0213,0.0678,0.5004,-1.1,13.11,594.9921737,814.1577909,0.106492148
574,0.0176,0.0739,0.4291,-1.4,7.02,318.8307888,537.996406,0.063031743
575,0.0179,0.0712,0.5565,-1.36,10.26,465.6714713,684.8370884,0.085469061
576,0.0184,0.069,0.4949,-1.02,12.92,586.4242299,805.589847,0.11677981
577,0.0193,0.0731,0.4281,-1.15,8.95,406.3208054,625.4864225,0.08565334
578,0.0214,0.0649,0.4124,-1.25,9.9,449.5640938,668.7297109,0.072823422
579,0.0172,0.0676,0.417,-1.39,7.73,351.0018775,570.1674946,0.062022452
580,0.02,0.0702,0.5057,-1.59,8.36,379.4946364,598.6602536,0.059160078
581,0.0197,0.0792,0.3592,-1.26,6.06,275.0705745,494.2361917,0.06274832
582,0.0187,0.059,0.3803,-1.06,11.44,519.4576268,738.623244,0.085459429
583,0.0201,0.0752,0.4238,-1.59,6.33,287.4965902,506.6622073,0.049716262
584,0.0192,0.0766,0.4977,-1.12,10.37,470.5170677,689.6826849,0.103253803
585,0.0185,0.0601,0.4104,-1.2,10.69,485.3201129,704.4857301,0.077138702
586,0.0202,0.0808,0.4498,-0.97,10.13,459.9157152,679.0813324,0.113410091
587,0.0206,0.075,0.4506,-0.88,12.55,569.6247414,788.7903586,0.127951459
588,0.0209,0.0797,0.3982,-1.13,7.65,347.3544877,566.5201048,0.081784308
589,0.0214,0.071,0.4564,-1.3,9.26,420.333075,639.4986922,0.075663916
590,0.0213,0.064,0.4994,-1.12,13.94,632.618441,851.7840581,0.103601911
591,0.0196,0.0644,0.4473,-1.17,11.15,506.1442134,725.3098306,0.087215279
592,0.0201,0.0589,0.4883,-1.15,14.49,657.5764388,876.742056,0.097538447
593,0.0213,0.0588,0.4061,-1.06,13.25,601.5178872,820.6835044,0.091196019
594,0.019,0.0678,0.4518,-1.13,10.71,486.2589461,705.4245633,0.092658023
595,0.021,0.0524,0.471,-1.28,15.49,703.2253897,922.3910068,0.079998797
596,0.0217,0.0624,0.4244,-1.24,11.02,500.0708215,719.2364387,0.075852674
597,0.0192,0.0575,0.4849,-1.2,13.92,631.7881078,850.953725,0.090949526
598,0.0171,0.068,0.366,-1.53,6.21,281.9967948,501.1624119,0.046147783
599,0.0188,0.0715,0.5345,-1.42,9.45,429.0377896,648.2034067,0.076390893
600,0.0198,0.0693,0.3902,-1.43,7.22,327.8348258,547.0004429,0.055356353
601,0.0222,0.0573,0.4541,-1.28,13.35,605.8596692,825.0252863,0.077167025
602,0.0201,0.0739,0.4155,-1.08,9.22,418.6660309,637.8316481,0.090917881
603,0.0214,0.0689,0.3839,-1.18,8.84,401.3278403,620.4934575,0.074049041
604,0.0217,0.0817,0.4905,-1.28,8.42,381.9893703,601.1549875,0.083263042
605,0.0191,0.0655,0.4214,-1.2,9.82,445.8165028,664.98212,0.079181222
606,0.0219,0.0652,0.3962,-1.13,10.49,476.1867419,695.352359,0.081378016
607,0.0213,0.0657,0.4406,-0.93,14.01,636.1357877,855.3014048,0.117112968
608,0.0221,0.0636,0.4441,-1.2,11.69,530.6942664,749.8598835,0.08339255
609,0.0217,0.0608,0.3924,-1.36,9.81,445.4195878,664.585205,0.060572024
610,0.0237,0.0557,0.4418,-1.19,15.3,694.2675115,913.4331287,0.084014028
611,0.0224,0.0725,0.3542,-1.26,7.26,329.5966716,548.7622888,0.061884365
612,0.0186,0.0633,0.4195,-1.09,11.15,506.0658411,725.2314583,0.090615072
613,0.0253,0.0738,0.349,-1.28,7.34,333.3726053,552.5382225,0.059497019
614,0.0187,0.073,0.4791,-1.12,10.43,473.4214856,692.5871028,0.099443301
615,0.0223,0.0654,0.432,-1.08,12.11,549.8637353,769.0293525,0.094487761
616,0.0239,0.0754,0.487,-1.2,10.45,474.5426987,693.7083159,0.091338067
617,0.0239,0.0624,0.3634,-1.6,8.26,375.0857183,594.2513355,0.042226615
618,0.0179,0.0673,0.4448,-1.28,9.15,415.3206469,634.486264,0.075607608
619,0.0211,0.0563,0.4769,-1.13,15.84,718.7559019,937.9215191,0.097740317
620,0.0227,0.0658,0.4745,-1.19,12.22,554.4882628,773.6538799,0.090149795
621,0.0245,0.0718,0.4861,-1.34,10.13,459.9836726,679.1492897,0.076662599
622,0.0181,0.0719,0.3996,-1.36,7.04,319.7281986,538.8938158,0.061669305
623,0.0184,0.0723,0.5396,-1.36,9.79,444.251544,663.4171612,0.082915508
624,0.0214,0.0687,0.4135,-1.29,8.83,400.8306232,619.9962404,0.069491165
625,0.0175,0.07,0.4574,-1.16,9.81,445.2490871,664.4147042,0.090292694
626,0.0234,0.0661,0.4108,-1.46,8.79,398.8172584,617.9828755,0.056187401
627,0.0208,0.0835,0.2908,-1.21,4.76,215.8763029,435.04192,0.054171427
628,0.0212,0.0638,0.4442,-0.93,14.74,669.263596,888.4292132,0.118060525
629,0.0198,0.073,0.4223,-1.24,8.27,375.5020315,594.6676487,0.075482007
630,0.0201,0.0655,0.4295,-1.3,9.51,431.4978637,650.6634809,0.071262299
631,0.0207,0.0811,0.3831,-1.26,6.39,290.2189559,509.384573,0.066874653
632,0.021,0.0651,0.4089,-1.04,11.53,523.1931078,742.358725,0.094216938
633,0.0194,0.0673,0.5232,-1.32,10.98,498.3931755,717.5587927,0.084464448
634,0.0196,0.0654,0.4798,-1.24,11.12,504.6844581,723.8500752,0.085616336
635,0.0184,0.0744,0.4206,-1.11,8.72,395.6917002,614.8573174,0.088557951
636,0.0188,0.0787,0.4234,-1.41,6.44,292.207598,511.3732151,0.06146065
637,0.0203,0.0746,0.435,-1.17,8.88,403.222396,622.3880132,0.08484601
638,0.0178,0.0599,0.465,-1.25,11.58,525.6582404,744.8238576,0.081984812
639,0.0233,0.072,0.5145,-1.33,10.55,478.8925559,698.0581731,0.082069529
640,0.0186,0.0601,0.4158,-1.32,9.96,451.8722534,671.0378706,0.067344573
641,0.0195,0.0679,0.4702,-1.19,10.73,486.8656641,706.0312812,0.089343528
642,0.0203,0.0695,0.433,-1.28,8.95,406.1559284,625.3215455,0.073627854
643,0.0209,0.0685,0.5123,-1.21,11.86,538.4991565,757.6647737,0.094819165
644,0.021,0.0754,0.4432,-1.22,8.68,394.1867772,613.3523943,0.081168195
645,0.0166,0.0743,0.4982,-1.21,9.44,428.582548,647.7481651,0.09224563
646,0.0188,0.08,0.4474,-1.02,9.42,427.4214176,646.5870347,0.105691608
647,0.0217,0.0698,0.451,-1.62,7.7,349.4342594,568.5998765,0.05105053
648,0.0206,0.0727,0.3608,-1.4,6.45,292.7429164,511.9085335,0.053116462
649,0.0192,0.0723,0.3783,-1.31,7,317.771479,536.9370961,0.062098978
650,0.0188,0.0752,0.3919,-1.24,7.16,324.8652592,544.0308764,0.07011144
651,0.0178,0.069,0.4451,-1.13,10.02,454.6758943,673.8415114,0.091300362
652,0.0196,0.078,0.3912,-1.25,6.83,310.0772488,529.242866,0.069123623
653,0.0222,0.0688,0.3765,-0.94,10.94,496.4548019,715.6204191,0.098908052
654,0.0185,0.0739,0.495,-1.26,9.35,424.3610803,643.5266975,0.086122393
655,0.0211,0.0609,0.4298,-1.31,10.85,492.4537537,711.6193709,0.070440576
656,0.0219,0.0653,0.4518,-1.02,13.44,609.8442908,829.009908,0.106719665
657,0.0189,0.0812,0.4017,-1.28,6.4,290.5665394,509.7321566,0.068370233
658,0.0219,0.0577,0.4931,-1.23,14.83,673.1357775,892.3013947,0.089059421
659,0.0215,0.0678,0.4192,-1.13,10.4,472.1909805,691.3565976,0.086047939
660,0.0207,0.0705,0.456,-1.26,9.5,431.2251923,650.3908094,0.079427202
661,0.0214,0.0645,0.5336,-1.37,12.02,545.3938284,764.5594455,0.08101704
662,0.0205,0.0722,0.3826,-0.95,9.9,449.5812029,668.74682,0.099184317
663,0.0231,0.0721,0.4534,-1.09,11.17,506.9845145,726.1501317,0.097851138
664,0.0205,0.064,0.4781,-1.05,13.91,631.2554595,850.4210767,0.10856064
665,0.0208,0.0606,0.4283,-1.44,9.94,451.053631,670.2192481,0.0599631
666,0.0185,0.0536,0.5558,-1.26,16.8,762.7351363,981.9007535,0.096533054
667,0.0183,0.0661,0.4819,-1.22,10.87,493.5310117,712.6966288,0.088158337
668,0.0167,0.0625,0.468,-1.36,9.83,446.2959736,665.4615907,0.072070599
669,0.0196,0.0623,0.4014,-1.28,9.6,435.8063428,654.9719599,0.068319796
670,0.024,0.0676,0.4147,-1.28,9.75,442.4453086,661.6109258,0.070555018
671,0.0191,0.0679,0.4349,-1.17,9.9,449.2536933,668.4193105,0.084826742
672,0.0183,0.0716,0.4406,-1.33,8.06,365.7639201,584.9295373,0.070439238
673,0.0191,0.0727,0.3959,-1.24,7.65,347.0567066,566.2223238,0.070818601
674,0.0203,0.0718,0.4479,-1.48,7.69,349.1114291,568.2770462,0.05974773
675,0.0192,0.0693,0.4389,-1.19,9.57,434.4017071,653.5673243,0.083469386
676,0.0225,0.0768,0.452,-1.27,8.55,388.1681124,607.3337296,0.077770468
677,0.0178,0.0682,0.3777,-1.17,8.19,371.8969026,591.0625197,0.073789105
678,0.0162,0.0664,0.4387,-1.4,8.12,368.4066703,587.5722875,0.064422159
679,0.0222,0.0641,0.4395,-1.22,11.27,511.4518282,730.6174453,0.080499152
680,0.0205,0.0825,0.4433,-1.29,7.15,324.7166363,543.8822535,0.074432067
681,0.0179,0.0702,0.4698,-1.32,8.88,403.1640065,622.3296237,0.075965002
682,0.0211,0.0634,0.4491,-1.13,12.31,558.8807388,778.0463559,0.092110959
683,0.0214,0.0626,0.359,-1.06,10.56,479.3689984,698.5346155,0.080718135
684,0.0177,0.0663,0.4463,-1.25,9.56,433.9580926,653.1237097,0.078730768
685,0.0185,0.0703,0.4184,-1.1,9.47,430.0137034,649.1793206,0.089231641
686,0.0194,0.0817,0.4538,-1.13,8.42,382.3828495,601.5484666,0.09306321
687,0.016,0.071,0.4346,-1.15,8.88,402.9129969,622.0786141,0.086938305
688,0.0219,0.071,0.4671,-1.25,9.99,453.637783,672.8034002,0.082350039
689,0.0216,0.0689,0.4231,-1.18,9.86,447.3186108,666.484228,0.081519065
690,0.0188,0.0745,0.4013,-1.36,6.82,309.3916356,528.5572528,0.061928317
691,0.0166,0.0582,0.4002,-1.29,9.74,442.2420813,661.4076984,0.067283348
692,0.0203,0.0766,0.4637,-1.18,9.15,415.2896054,634.4552226,0.089240078
693,0.0224,0.0654,0.3737,-1.1,10.19,462.6467997,681.8124169,0.079794253
694,0.0219,0.0742,0.4412,-1.1,10.02,454.7576617,673.9232788,0.094037534
695,0.0189,0.0592,0.4817,-1.23,12.8,580.961929,800.1275462,0.087028648
696,0.0174,0.0667,0.3726,-1.07,8.98,407.6365726,626.8021898,0.082676758
697,0.0177,0.0681,0.4489,-1.01,11.57,525.117463,744.2830801,0.107428545
698,0.02,0.0594,0.4847,-1.02,16.07,729.4316236,948.5972408,0.114400633
699,0.0185,0.073,0.4128,-1.12,8.69,394.5424798,613.708097,0.085833434
700,0.0206,0.0849,0.3928,-1.27,6.09,276.3602345,495.5258516,0.067704704
701,0.0186,0.0696,0.4908,-1.4,9.02,409.2506105,628.4162277,0.071954497
702,0.0172,0.0779,0.3866,-1.21,6.66,302.1402945,521.3059116,0.071810878
703,0.0201,0.0747,0.4321,-1.33,7.71,349.7808898,568.9465069,0.069098445
704,0.024,0.0796,0.4851,-1.43,8.01,363.6672587,582.8328759,0.068608794
705,0.0207,0.071,0.422,-1,10.89,494.1908382,713.3564553,0.102379667
706,0.0204,0.0714,0.3777,-1.01,9.32,423.2491393,642.4147565,0.090546788
707,0.0229,0.0604,0.462,-1.16,14,635.3093933,854.4750105,0.091189281
708,0.0174,0.0816,0.4213,-1.18,7.11,322.6008903,541.7665075,0.081176385
709,0.0231,0.0655,0.4852,-1.19,12.74,578.3400118,797.5056289,0.092155338
710,0.0222,0.0649,0.4717,-1.19,12.24,555.7027953,774.8684125,0.089624803
711,0.0184,0.0621,0.457,-1.2,11.4,517.6244087,736.7900259,0.08578358
712,0.0206,0.0683,0.4539,-1.11,11.25,510.4231732,729.5887904,0.095484894
713,0.0176,0.0787,0.4704,-1.15,8.8,399.3030862,618.4687034,0.094008136
714,0.0234,0.0756,0.4381,-1.11,9.88,448.27972,667.4453372,0.092199607
715,0.02,0.0583,0.4658,-1.21,13.22,599.9446454,819.1102626,0.086325071
716,0.022,0.0629,0.4211,-1.39,9.81,445.2698388,664.4354559,0.062624053
717,0.0154,0.0602,0.4034,-1.45,8.18,371.243924,590.4095412,0.055851279
718,0.0196,0.0607,0.4334,-1.24,11.12,504.8125843,723.9782014,0.077440776
719,0.0204,0.0638,0.4581,-0.96,14.55,660.2080293,879.3736464,0.117005234
720,0.0193,0.0846,0.4069,-1.06,7.51,340.7396626,559.9052798,0.091373787
721,0.0235,0.0811,0.3329,-1.01,7.13,323.5405587,542.7061759,0.079897043
722,0.0221,0.073,0.5309,-1.06,13.53,613.9531426,833.1187597,0.118850729
723,0.0167,0.0763,0.4533,-1.07,9.31,422.5841641,641.7497813,0.100373146
724,0.0224,0.0718,0.3739,-1.41,7.06,320.2278683,539.3934855,0.054362672
725,0.018,0.0609,0.3789,-1.35,8.62,391.0678993,610.2335165,0.059229305
726,0.0195,0.0677,0.4433,-1.21,9.9,449.5856447,668.7512618,0.08220782
727,0.021,0.0605,0.3807,-1.08,11.53,523.2373361,742.4029533,0.083379553
728,0.0203,0.0659,0.446,-1.01,12.7,576.6653574,795.8309745,0.106741961
729,0.0194,0.0668,0.5468,-0.91,18.02,818.1362193,1037.301836,0.148905692
730,0.0231,0.0636,0.4303,-1.16,11.99,544.0660985,763.2317156,0.085006487
731,0.0236,0.0801,0.396,-1.24,7.26,329.5998737,548.7654909,0.070836278
732,0.0182,0.0826,0.463,-1.13,8.35,378.8732012,598.0388184,0.094926571
733,0.022,0.0623,0.426,-1.2,11.53,523.2085604,742.3741775,0.080035019
734,0.0218,0.0785,0.4111,-1.41,6.65,301.7685305,520.9341477,0.059698887
735,0.0201,0.0696,0.4799,-1.09,11.81,536.1602209,755.3258381,0.103499752
736,0.0184,0.0706,0.4555,-1.14,10.01,454.2762896,673.4419067,0.092228838
737,0.0196,0.0715,0.4586,-1.2,9.63,436.9855866,656.1512038,0.086080032
738,0.0196,0.0699,0.4163,-1.07,9.99,453.4943063,672.6599235,0.092267819
739,0.0193,0.056,0.4291,-1.66,9.66,438.2815766,657.4471938,0.046419276
740,0.0237,0.0676,0.4909,-1.04,14.43,655.1961138,874.361731,0.112881933
741,0.022,0.0788,0.399,-1.56,5.88,266.8211284,485.9867456,0.048514676
742,0.0207,0.08,0.4656,-1.19,8.65,392.5933936,611.7590107,0.088480817
743,0.0168,0.0806,0.4591,-1.42,6.52,295.7922489,514.9578661,0.065770587
744,0.0184,0.0725,0.4303,-1.19,8.64,392.1253299,611.2909471,0.081853767
745,0.0195,0.0588,0.4734,-1.1,14.45,655.8148288,874.9804459,0.100816045
746,0.0174,0.0526,0.4153,-1.16,13.26,601.6950313,820.8606485,0.082077461
747,0.018,0.0664,0.4949,-1.45,9.26,420.5147744,639.6803916,0.068316525
748,0.0188,0.0769,0.4946,-1.11,10.26,465.8135618,684.979179,0.103936446
749,0.0218,0.0591,0.4175,-1.48,10.18,461.8894476,681.0550647,0.055748414
750,0.0186,0.0654,0.5239,-1.33,11.16,506.3580331,725.5236503,0.08354552
751,0.0206,0.0692,0.4617,-1.28,9.72,441.1559046,660.3215218,0.078440804
752,0.0177,0.0696,0.4734,-1.15,10.44,473.6902618,692.855879,0.094600021
753,0.0206,0.0672,0.4078,-1.14,9.93,450.7496483,669.9152655,0.082678139
754,0.0214,0.0656,0.4681,-1.33,10.48,475.5058608,694.671478,0.07477271
755,0.0188,0.0655,0.5011,-1.19,11.97,543.2064105,762.3720276,0.095133576
756,0.0204,0.066,0.449,-1.29,9.99,453.4622495,672.6278667,0.075376214
757,0.017,0.0675,0.4473,-1.39,8.29,376.4242962,595.5899134,0.06646501
758,0.0253,0.0681,0.4668,-1.09,13.26,601.8031056,820.9687227,0.100708274
759,0.0216,0.0778,0.462,-1.27,8.45,383.7595121,602.9251293,0.079467566
760,0.0151,0.0696,0.4033,-1.75,5.62,254.9873311,474.1529482,0.039418152
761,0.0201,0.0628,0.4256,-1.19,10.92,495.4587164,714.6243336,0.08097051
762,0.0183,0.0801,0.4788,-1.18,8.65,392.5035258,611.669143,0.092107679
763,0.0197,0.0703,0.3845,-1.17,8.33,378.175788,597.3414052,0.07510298
764,0.021,0.0668,0.4283,-1.3,9.4,426.7103756,645.8759927,0.071065792
765,0.0229,0.0729,0.4072,-1.09,9.65,438.1512679,657.3168851,0.087986739
766,0.017,0.0611,0.4699,-1.1,12.74,578.4687959,797.6344131,0.100079741
767,0.0168,0.0612,0.4097,-1.28,9.38,425.5804215,644.7460386,0.069714903
768,0.0204,0.0689,0.385,-1.23,8.34,378.5534238,597.7190409,0.069753943
769,0.0175,0.0662,0.3961,-1.37,7.73,350.7504342,569.9160513,0.060398225
770,0.023,0.0743,0.4096,-1.46,7.17,325.5344034,544.7000206,0.056025491
771,0.0234,0.0755,0.3615,-1.15,7.71,350.1653366,569.3309537,0.072463076
772,0.019,0.067,0.4451,-1.19,10.16,460.9909268,680.156544,0.084633695
773,0.0168,0.0691,0.4389,-0.98,11.19,507.6953043,726.8609215,0.109250707
774,0.0163,0.0792,0.4072,-1.19,6.91,313.5123064,532.6779236,0.077510588
775,0.0182,0.083,0.4189,-1.15,7.19,326.2703045,545.4359217,0.08383391
776,0.0249,0.0639,0.4295,-1.13,12.77,579.7674289,798.9330461,0.088137535
777,0.0192,0.0588,0.3815,-1.09,11.41,517.7104418,736.8760589,0.082490016
778,0.0132,0.077,0.3161,-1.1,5.49,249.1108655,468.2764827,0.067602431
779,0.0206,0.0675,0.4574,-1.25,10.22,463.7840079,682.949625,0.080662702
780,0.0248,0.0627,0.4013,-1.39,10.2,463.0333178,682.198935,0.059717405
781,0.0215,0.0757,0.4809,-1.18,9.94,451.2868742,670.4524913,0.092506315
782,0.0228,0.072,0.4282,-1.3,8.73,396.434816,615.6004332,0.071049416
783,0.022,0.0698,0.4681,-1.21,10.65,483.2560912,702.4217084,0.086745678
784,0.018,0.067,0.4591,-1.09,11.28,512.0754572,731.2410744,0.099066702
785,0.0218,0.086,0.4255,-1.13,7.56,343.3160143,562.4816315,0.087326167
786,0.0216,0.0632,0.4542,-1.04,13.82,627.0853646,846.2509818,0.104536509
787,0.0245,0.0776,0.4721,-1.43,8.17,370.6457189,589.8113361,0.0667978
788,0.0183,0.0662,0.4588,-1.36,9.21,417.8839995,637.0496167,0.07067397
789,0.0218,0.0725,0.4317,-1.26,8.79,399.0294878,618.195105,0.075248554
790,0.0171,0.0694,0.5115,-1.24,10.46,474.9736708,694.139288,0.091190472
791,0.0194,0.0874,0.4794,-1.11,8.45,383.6056754,602.7712925,0.100781958
792,0.0198,0.069,0.4016,-1.23,8.58,389.3125258,608.478143,0.072725739
793,0.0198,0.0805,0.4093,-1.35,6.39,289.9108761,509.0764932,0.063919786
794,0.0202,0.08,0.4161,-1.09,8.21,372.7490246,591.9146418,0.089888694
795,0.0204,0.0742,0.4677,-1.34,8.47,384.6672936,603.8329107,0.073802156
796,0.0201,0.0721,0.3998,-1.31,7.59,344.4030604,563.5686776,0.065584371
797,0.0203,0.0651,0.4713,-1.16,11.95,542.227317,761.3929341,0.093001328
798,0.0194,0.0765,0.4652,-1.11,9.67,438.8137897,657.9794068,0.097832999
799,0.0207,0.0737,0.493,-1.43,8.54,387.7021771,606.8677943,0.069708651
800,0.02,0.0629,0.4258,-1.6,8.34,378.5876636,597.7532808,0.049370516
801,0.0205,0.0812,0.4395,-1.42,6.57,298.4008975,517.5665147,0.063002237
802,0.0208,0.065,0.3862,-1.17,9.67,438.9297453,658.0953625,0.075431376
803,0.0214,0.0657,0.4178,-1.26,9.78,443.687958,662.8535752,0.07285583
804,0.021,0.0563,0.4035,-1.21,12.41,563.0895909,782.255208,0.074913053
805,0.0203,0.0665,0.4484,-1.45,8.81,399.8506013,619.0162185,0.061990271
806,0.0204,0.0706,0.4544,-1.04,11.46,520.1543985,739.3200156,0.104582024
807,0.0198,0.0745,0.4106,-1.46,6.68,302.9959494,522.1615665,0.056160417
808,0.0193,0.0669,0.4139,-1.21,9.31,422.5316926,641.6973098,0.076820697
809,0.0178,0.0696,0.4658,-1.16,10.16,461.2724074,680.4380246,0.091929787
810,0.0207,0.0723,0.425,-1.11,9.62,436.5788596,655.7444768,0.089473855
811,0.0249,0.0732,0.4714,-1.14,11.34,514.6935183,733.8591355,0.095407472
812,0.0182,0.0646,0.4071,-1.12,10.1,458.572799,677.7384162,0.08466132
813,0.0216,0.083,0.3509,-1.29,5.59,253.9372489,473.102866,0.059084918
814,0.0241,0.07,0.3773,-1.22,8.77,397.8922788,617.0578959,0.069232339
815,0.0197,0.0733,0.5553,-1.08,13.35,605.7836547,824.9492718,0.121080277
816,0.0225,0.0668,0.4967,-1.15,12.99,589.7483398,808.9139569,0.099194087
817,0.0221,0.0756,0.468,-1.25,9.18,416.677865,635.8434822,0.082506553
818,0.0182,0.0686,0.451,-1.16,10.06,456.7407226,675.9063397,0.089044931
819,0.021,0.0851,0.4373,-1.2,7.34,333.1899043,552.3555215,0.082131525
820,0.0202,0.0678,0.4729,-1.25,10.44,473.896274,693.0618911,0.083358551
821,0.0193,0.065,0.4889,-1.26,11.19,507.9675527,727.1331699,0.085076102
822,0.0202,0.0763,0.42,-1.46,6.65,301.6679089,520.8335261,0.057428317
823,0.0188,0.0712,0.3807,-1.09,8.49,385.2214222,604.3870394,0.082318802
824,0.0189,0.0683,0.5066,-1.2,11.37,515.906776,735.0723932,0.094962498
825,0.0179,0.0707,0.4443,-1.14,9.6,435.8199909,654.9856081,0.089988334
826,0.0216,0.0634,0.3737,-1.28,9.19,416.9394065,636.1050237,0.063659125
827,0.0189,0.0629,0.4482,-1.28,10.41,472.4483306,691.6139478,0.076177809
828,0.0197,0.074,0.4242,-1.14,8.86,401.9538584,621.1194756,0.085964351
829,0.0234,0.0696,0.4188,-1.3,9.13,414.2040331,633.3696502,0.069509641
830,0.0257,0.0611,0.5071,-1.26,15.14,687.3469777,906.5125949,0.088196841
831,0.0201,0.0701,0.4776,-1.25,10.04,455.9043532,675.0699704,0.084175569
832,0.0186,0.0706,0.5018,-1.28,9.95,451.8031437,670.9687609,0.085153084
833,0.0189,0.0702,0.3541,-1.11,7.89,358.1102902,577.2759074,0.074691257
834,0.0211,0.0646,0.4028,-1.29,9.4,426.4672323,645.6328495,0.067715081
835,0.0199,0.0683,0.4658,-0.89,14.5,658.1427946,877.3084118,0.130478299
836,0.0201,0.0756,0.409,-1.15,8.23,373.6340458,592.799663,0.081875107
837,0.0199,0.0738,0.3452,-1.17,6.95,315.3276168,534.493234,0.067503044
838,0.0232,0.0753,0.4278,-1.72,6.39,290.0347268,509.2003439,0.04321856
839,0.0181,0.0773,0.3951,-1.24,6.85,310.8153027,529.9809198,0.070677181
840,0.0188,0.071,0.3999,-1.13,8.69,394.6167201,613.7823373,0.082129625
841,0.0182,0.0708,0.4039,-1.08,9.12,413.7861254,632.9517426,0.088406491
842,0.0205,0.0678,0.4737,-1.12,11.82,536.3166131,755.4822303,0.098336408
843,0.0165,0.0775,0.482,-1.08,9.74,442.1778074,661.3434245,0.105289028
844,0.0183,0.0659,0.4534,-1.23,10.11,458.741686,677.9073032,0.081982185
845,0.0217,0.076,0.4265,-1.33,7.66,347.50606,566.6716771,0.068214746
846,0.022,0.0687,0.4707,-1.39,9.54,433.1299141,652.2955312,0.069890533
847,0.0196,0.0733,0.4746,-1.2,9.68,439.4943658,658.659983,0.089043231
848,0.0218,0.0807,0.4506,-1.55,6.42,291.3650156,510.5306327,0.055337087
849,0.0172,0.0724,0.4528,-1.56,6.85,310.8960468,530.061664,0.054955809
850,0.0215,0.06,0.4591,-1.39,11.36,515.521364,734.6869812,0.06819299
851,0.0203,0.0775,0.4428,-1.1,9.18,416.6195071,635.7851243,0.094374595
852,0.019,0.0853,0.3751,-1.2,5.9,267.7675195,486.9331367,0.070576051
853,0.0171,0.0777,0.3578,-1.15,6.42,291.6199059,510.785523,0.07172896
854,0.0234,0.0751,0.4368,-1.38,8,363.046991,582.2126082,0.065716776
855,0.0177,0.0718,0.4712,-1.24,9.19,416.930854,636.0964712,0.084102538
856,0.0201,0.0648,0.3981,-1.27,9.14,414.8771302,634.0427473,0.068607202
857,0.0189,0.0763,0.4447,-1.23,8.16,370.4631784,589.6287955,0.080429304
858,0.0153,0.0681,0.4124,-1.5,6.77,307.370838,526.5364552,0.053786343
859,0.0256,0.067,0.3751,-1.35,8.94,406.0025279,625.1681451,0.058642404
860,0.0182,0.063,0.4528,-1.21,10.91,495.3414386,714.5070558,0.083946796
861,0.0218,0.0638,0.45,-1.08,13.02,591.1232667,810.2888839,0.098379059
862,0.0218,0.0638,0.4511,-1.33,10.63,482.4705835,701.6362007,0.072094624
863,0.0215,0.0711,0.4221,-1.17,9.44,428.3138035,647.4794207,0.082359589
864,0.0171,0.0593,0.3506,-1.18,9.12,414.1368518,633.3024689,0.067691233
865,0.0186,0.0793,0.4652,-0.99,10.33,468.706241,687.8718581,0.114224371
866,0.0171,0.0561,0.451,-1.1,13.74,623.6043823,842.7699994,0.096101636
867,0.0193,0.0728,0.3924,-1.38,6.87,312.0192858,531.184903,0.059120425
868,0.0211,0.0751,0.4091,-1.55,6.41,290.8241564,509.9897735,0.050311092
869,0.0209,0.0886,0.3563,-1.23,5.32,241.287879,460.4534962,0.064609578
870,0.0188,0.0745,0.3874,-1.49,6.06,274.8993917,494.0650089,0.051170535
871,0.0219,0.074,0.4391,-1.33,8.25,374.6519395,593.8175567,0.070202674
872,0.0222,0.0718,0.3567,-1.44,6.6,299.762713,518.9283302,0.050057029
873,0.0216,0.0707,0.4739,-1.27,9.99,453.468632,672.6342491,0.08148593
874,0.0203,0.0657,0.5116,-1.13,13.37,606.9479333,826.1135504,0.104756541
875,0.0196,0.0643,0.4079,-1.11,10.63,482.4331379,701.5987551,0.085913226
876,0.023,0.0548,0.3051,-1.16,11.17,507.0865764,726.2521935,0.060488985
877,0.0179,0.0695,0.4457,-1.32,8.5,385.862555,605.0281721,0.072120956
878,0.0233,0.0731,0.463,-1.29,9.46,429.3723643,648.5379815,0.077693923
879,0.0181,0.0753,0.4059,-1.23,7.38,334.9499191,554.1155363,0.073495106
880,0.021,0.0793,0.443,-0.9,11.2,508.2645806,727.4301978,0.122512449
881,0.0175,0.081,0.4659,-1.28,7.44,337.5672718,556.732889,0.07914451
882,0.0204,0.0679,0.4294,-1.52,7.86,356.7517296,575.9173468,0.054665173
883,0.019,0.0662,0.4671,-1.16,11.21,508.6506697,727.8162868,0.092183086
884,0.018,0.0754,0.4705,-1.14,9.46,429.3853718,648.5509889,0.095227615
885,0.0202,0.0742,0.4723,-1.14,10.12,459.466008,678.6316251,0.095587322
886,0.019,0.0734,0.3968,-1.15,8.11,368.3060678,587.471685,0.079459883
887,0.0255,0.0656,0.3956,-1.28,10.18,462.0431808,681.2087979,0.067344518
888,0.0184,0.07,0.4486,-1.19,9.51,431.7538158,650.9194329,0.085290803
889,0.0191,0.0752,0.443,-1.07,9.63,437.2579911,656.4236083,0.098118177
890,0.0196,0.0832,0.3231,-1.29,4.92,223.0974679,442.2630851,0.054451542
891,0.0176,0.0706,0.4165,-1.16,8.72,395.7306997,614.8963169,0.082311865
892,0.0179,0.063,0.3525,-1.17,8.61,390.615403,609.7810202,0.068915935
893,0.0155,0.0671,0.4809,-0.97,12.88,584.7164945,803.8821116,0.121165725
894,0.0219,0.0629,0.3923,-1.31,9.63,437.0973733,656.2629905,0.064369026
895,0.0209,0.0681,0.4826,-1.05,12.99,589.7421566,808.9077738,0.10957032
896,0.0197,0.0709,0.4938,-1.3,9.77,443.577729,662.7433462,0.08177288
897,0.0194,0.0748,0.4518,-1.1,9.71,440.5498784,659.7154956,0.096270092
898,0.0203,0.0799,0.3882,-0.88,9.42,427.4937089,646.659326,0.110376091
899,0.015,0.0834,0.461,-1.41,6.11,277.4318491,496.5974663,0.066838239
900,0.0192,0.0653,0.4251,-1.1,10.88,493.630804,712.7964211,0.090644439
901,0.0214,0.0767,0.4583,-0.91,12.19,553.5085242,772.6741414,0.125033932
902,0.0202,0.0753,0.4715,-1.32,8.47,384.536729,603.7023462,0.076235965
903,0.0158,0.067,0.4453,-1.44,7.86,356.5960606,575.7616778,0.06230876
904,0.0179,0.0743,0.434,-1.19,8.35,379.1257122,598.2913294,0.082548946
905,0.0206,0.0678,0.3981,-1.15,9.47,429.7363904,648.9020076,0.079717314
906,0.021,0.0784,0.496,-1.05,11.13,505.0724598,724.238077,0.11257576
907,0.0205,0.0785,0.3892,-1.12,7.63,346.1631551,565.3287723,0.080978332
908,0.0165,0.0741,0.4674,-1.09,9.81,445.1639441,664.3295613,0.100836164
909,0.0184,0.0748,0.4756,-1.43,7.68,348.5790029,567.7446201,0.067285511
910,0.0182,0.0692,0.436,-0.98,11.39,516.8955723,736.0611895,0.108536193
911,0.0211,0.0683,0.4545,-1.25,10.09,457.7857587,676.9513759,0.080158072
912,0.0212,0.0751,0.435,-1.35,7.76,352.4048485,571.5704656,0.067878624
913,0.021,0.0799,0.4858,-1.24,8.77,398.0082412,617.1738583,0.086672074
914,0.0195,0.0861,0.4608,-1.03,8.92,404.6587144,623.8243315,0.107419778
915,0.0233,0.0785,0.4087,-1.35,7.1,322.2376439,541.4032611,0.063827291
916,0.0183,0.0798,0.4849,-1.24,8.35,379.2067073,598.3723244,0.086513734
917,0.02,0.0807,0.4754,-1.18,8.74,396.7617186,615.9273358,0.091462181
918,0.0206,0.0626,0.4302,-1.3,10.33,469.0852134,688.2508305,0.071376923
919,0.0195,0.0748,0.4175,-1.44,6.79,308.2738929,527.43951,0.058471667
920,0.02,0.0563,0.4526,-0.92,17.84,809.6076462,1028.773263,0.121870262
921,0.0191,0.0743,0.4432,-1.12,9.33,423.6755184,642.8411356,0.092079216
922,0.0201,0.0683,0.4596,-1.16,10.78,489.3050014,708.4706186,0.090721522
923,0.0222,0.0779,0.4849,-1.13,10.26,465.6222625,684.7878797,0.0993589
924,0.0191,0.0673,0.3765,-1.21,8.32,377.5449581,596.7105752,0.069955571
925,0.0217,0.0764,0.4902,-1.13,10.58,480.2504663,699.4160834,0.100430876
926,0.0231,0.0795,0.4304,-1.45,6.84,310.5509841,529.7166013,0.059536683
927,0.0201,0.0794,0.4594,-1.28,7.87,357.2518703,576.4174875,0.078055373
928,0.0226,0.0697,0.3433,-1.19,7.92,359.5668618,578.7324789,0.065468763
929,0.021,0.0689,0.4038,-1.2,9.09,412.8124614,631.9780785,0.075912624
930,0.0203,0.0735,0.4433,-1.36,7.97,361.6760958,580.841713,0.068319299
931,0.0168,0.0778,0.3908,-1.08,7.51,340.7365914,559.9022086,0.08556869
932,0.0215,0.0691,0.42,-1.27,9.05,410.7001587,629.8657759,0.072333577
933,0.0224,0.0747,0.4508,-1.19,9.47,429.9830134,649.1486305,0.085703783
934,0.0216,0.0806,0.4784,-1.25,8.52,386.9057581,606.0713752,0.084314615
935,0.0224,0.0731,0.409,-1,10.42,472.9240425,692.0896597,0.099256963
936,0.0193,0.0674,0.4341,-1.03,11.41,518.0746462,737.2402634,0.101261819
937,0.0206,0.0655,0.4,-0.9,12.7,576.6305668,795.796184,0.110722564
938,0.0208,0.0793,0.4156,-1.25,7.3,331.3724134,550.5380306,0.07338151
939,0.0202,0.0731,0.4217,-1.23,8.38,380.3268506,599.4924678,0.076320556
940,0.0199,0.0768,0.4515,-1.49,6.92,314.0996764,533.2652936,0.059510247
941,0.0206,0.075,0.4802,-1.2,9.7,440.3558408,659.521458,0.090079785
942,0.0177,0.0794,0.4274,-1.52,5.85,265.533903,484.6995202,0.054414208
943,0.0206,0.0665,0.4674,-0.89,15.34,696.271721,915.4373381,0.130922178
944,0.0201,0.0707,0.4178,-1.07,9.98,452.8721421,672.0377593,0.092596682
945,0.0203,0.072,0.3981,-1.09,9.06,411.4509181,630.6165352,0.086041207
946,0.0205,0.0713,0.4108,-1.25,8.37,379.904629,599.0702462,0.072544342
947,0.0205,0.0699,0.5088,-1.2,11.44,519.4039044,738.5695216,0.095369102
948,0.0213,0.0748,0.4625,-1.16,9.79,444.3119616,663.4775788,0.091286724
949,0.0217,0.0678,0.5222,-1.22,12.42,563.8897613,783.0553785,0.095422856
950,0.0239,0.072,0.4954,-1.06,13.08,593.8204664,812.9860835,0.110999647
951,0.0228,0.0715,0.4708,-1.26,10.09,458.1502862,677.3159034,0.081969563
952,0.0221,0.0661,0.3989,-1.26,9.4,426.6553832,645.8210003,0.069599493
953,0.024,0.0642,0.5486,-1.36,13.42,608.958711,828.1243282,0.084275679
954,0.0221,0.0729,0.4046,-1.51,6.95,315.4451192,534.6107363,0.05216268
955,0.0214,0.0581,0.4321,-1.44,10.92,495.7702735,714.9358907,0.060487632
956,0.0208,0.0655,0.4118,-1.36,8.89,403.6927498,622.8583669,0.063527527
957,0.018,0.0711,0.4603,-1.21,9.35,424.4116937,643.5773109,0.085319071
958,0.0203,0.058,0.4163,-1.4,10.5,476.417727,695.5833442,0.061176628
959,0.0163,0.0741,0.4647,-1.54,6.77,307.2742616,526.4398788,0.057715037
960,0.02,0.0657,0.41,-1.05,11.03,500.875454,720.0410712,0.093256292
961,0.0191,0.0664,0.5221,-1.24,11.87,538.5901334,757.7557505,0.09305237
962,0.0222,0.0802,0.4026,-1.25,7.12,323.2845332,542.4501504,0.071113672
963,0.0213,0.0712,0.4231,-1.21,9.09,412.7718296,631.9374467,0.078507355
964,0.0212,0.0779,0.5035,-1.31,8.96,406.6048074,625.7704246,0.082336314
965,0.02,0.0721,0.3861,-1.54,6.34,287.8306377,506.9962549,0.048080414
966,0.0202,0.0643,0.4438,-0.97,13.61,617.8581943,837.0238115,0.111912713
967,0.0228,0.0801,0.4462,-1.06,9.65,437.8797662,657.0453833,0.100098626
968,0.0183,0.062,0.4254,-1.29,9.85,447.0843578,666.249975,0.071465189
969,0.0229,0.0705,0.3523,-1.36,7.17,325.6398155,544.8054327,0.05445218
970,0.022,0.0727,0.4108,-1.6,6.73,305.318203,524.4838201,0.047655879
971,0.0185,0.0736,0.4709,-1.3,8.58,389.4468971,608.6125143,0.078033837
972,0.0199,0.0681,0.369,-1.27,7.81,354.6461512,573.8117684,0.063648667
973,0.02,0.0735,0.3568,-0.92,9.07,411.8026724,630.9682895,0.096278794
974,0.0172,0.0659,0.4231,-1.36,8.31,377.0994842,596.2651013,0.065247486
975,0.019,0.0737,0.5486,-1.08,12.87,584.2102664,803.3758836,0.119638955
976,0.021,0.0651,0.4096,-1.21,9.99,453.4014726,672.5670898,0.076032087
977,0.0187,0.0611,0.4207,-1.46,9.01,408.8212713,627.9868884,0.057522706
978,0.0198,0.0619,0.4408,-1.26,10.88,493.7412499,712.9068671,0.076814037
979,0.0208,0.0554,0.4548,-1.24,13.96,633.634691,852.8003082,0.081213879
980,0.0193,0.0752,0.4222,-1.2,8.11,368.1048351,587.2704522,0.079329724
981,0.0207,0.0652,0.4527,-1.2,11.1,504.0397115,723.2053287,0.084986745
982,0.0214,0.0782,0.4294,-1.33,7.35,333.5681985,552.7338157,0.068672411
983,0.0219,0.079,0.4273,-1.13,8.58,389.3359864,608.5016035,0.087691302
984,0.0228,0.0797,0.4858,-1.24,9.09,412.8123355,631.9779527,0.086672074
985,0.0206,0.0832,0.4246,-1.28,6.79,308.3530828,527.5187,0.072217757
986,0.0196,0.068,0.4878,-1.3,10.2,463.0499909,682.2156081,0.080793664
987,0.0201,0.0743,0.4869,-1,12.12,550.1916095,769.3572267,0.117943522
988,0.0226,0.0685,0.4125,-1.28,9.17,416.2549281,635.4205453,0.070185396
989,0.0202,0.0807,0.4245,-1.21,7.46,338.434561,557.6001782,0.078763949
990,0.022,0.0789,0.3593,-0.93,8.51,386.2673342,605.4329513,0.095678094
991,0.0218,0.0776,0.4647,-1.41,7.71,349.7920536,568.9576708,0.067366775
992,0.0189,0.0706,0.4126,-1.12,9.18,416.5907795,635.7563967,0.085792312
993,0.0195,0.0615,0.3725,-1.33,8.8,399.516626,618.6822432,0.059678761
994,0.0217,0.0663,0.4228,-1.29,9.61,436.4226268,655.588244,0.071034001
995,0.0184,0.0637,0.4404,-1.39,9.17,416.0585556,635.2241728,0.065454032
996,0.0194,0.0705,0.4835,-1.18,10.59,480.7109572,699.8765744,0.092999806
997,0.0215,0.0764,0.377,-0.94,9.25,420.0812548,639.246872,0.099038261
998,0.0188,0.0575,0.4553,-1.43,10.89,494.3092481,713.4748652,0.064455393
999,0.0182,0.0658,0.5227,-1.38,10.52,477.3934544,696.5590716,0.0784307
1000,0.019,0.0738,0.4895,-1.33,8.81,399.8961637,619.0617808,0.078140358
